-- phpMyAdmin SQL Dump
-- version 4.2.7.1
-- http://www.phpmyadmin.net
--
-- Host: 127.0.0.1
-- Generation Time: Dec 11, 2014 at 03:49 AM
-- Server version: 5.6.20
-- PHP Version: 5.5.15

SET SQL_MODE = "NO_AUTO_VALUE_ON_ZERO";
SET time_zone = "+00:00";


/*!40101 SET @OLD_CHARACTER_SET_CLIENT=@@CHARACTER_SET_CLIENT */;
/*!40101 SET @OLD_CHARACTER_SET_RESULTS=@@CHARACTER_SET_RESULTS */;
/*!40101 SET @OLD_COLLATION_CONNECTION=@@COLLATION_CONNECTION */;
/*!40101 SET NAMES utf8 */;

--
-- Database: `perumahan`
--

-- --------------------------------------------------------

--
-- Table structure for table `berkas`
--

CREATE TABLE IF NOT EXISTS `berkas` (
`id_berkas` int(11) NOT NULL,
  `alamat_berkas` varchar(250) NOT NULL,
  `id_perumahan` int(11) NOT NULL
) ENGINE=InnoDB  DEFAULT CHARSET=latin1 AUTO_INCREMENT=5 ;

--
-- Dumping data for table `berkas`
--

INSERT INTO `berkas` (`id_berkas`, `alamat_berkas`, `id_perumahan`) VALUES
(4, 'http://localhost/perum/files/laporan_final_(Autosaved)2.docx', 215);

-- --------------------------------------------------------

--
-- Table structure for table `ijin`
--

CREATE TABLE IF NOT EXISTS `ijin` (
`id_ijin` int(11) NOT NULL,
  `id_perumahan` int(11) NOT NULL DEFAULT '0',
  `id_kombinasi` int(11) NOT NULL DEFAULT '0',
  `lokasi_no` varchar(100) DEFAULT NULL,
  `lokasi_tgl` timestamp NULL DEFAULT NULL,
  `luas` double DEFAULT NULL,
  `rencana_tapak` double DEFAULT NULL,
  `pembebasan` double DEFAULT NULL,
  `terbangun` double DEFAULT NULL,
  `belum_terbangun` double DEFAULT NULL,
  `fs_dialokasikan` double DEFAULT NULL,
  `fs_pembebasan` double DEFAULT NULL,
  `fs_sudah_dimatangkan` double DEFAULT NULL,
  `catatan` varchar(1024) DEFAULT NULL,
  `aktif_dlm_pembangunan` char(1) DEFAULT NULL,
  `aktif_berhenti` char(1) DEFAULT NULL,
  `aktif_sdh_selesai` char(1) DEFAULT NULL,
  `tidak_aktif` char(1) DEFAULT NULL
) ENGINE=InnoDB  DEFAULT CHARSET=latin1 AUTO_INCREMENT=559 ;

--
-- Dumping data for table `ijin`
--

INSERT INTO `ijin` (`id_ijin`, `id_perumahan`, `id_kombinasi`, `lokasi_no`, `lokasi_tgl`, `luas`, `rencana_tapak`, `pembebasan`, `terbangun`, `belum_terbangun`, `fs_dialokasikan`, `fs_pembebasan`, `fs_sudah_dimatangkan`, `catatan`, `aktif_dlm_pembangunan`, `aktif_berhenti`, `aktif_sdh_selesai`, `tidak_aktif`) VALUES
(1, 1, 1, '460.351.0-320', '1993-12-09 17:00:00', 11.589, 0, 7.4906, 1.524, 5.9666, 0, 0, 0, NULL, '-', '-', '-', 'V'),
(2, 2, 2, '460.351.0-138', '1994-07-20 17:00:00', 8.1, 8.687, 8.887, 5, 3.887, 1.881, 1.881, 0, NULL, '-', 'V', '-', '-'),
(3, 307, 3, '460.351.0-120', '1994-07-08 17:00:00', 24, 24, 20.5, 1.7912, 18.7088, 11.7348, 11.1678, 1.6078, '14-Jun-1995 460.351.0-104 KSB', '-', '-', 'V', '-'),
(4, 308, 4, '460.351.0-05', '1994-01-04 17:00:00', 25.5823, 0, 9.7645, 0, 9.7645, 0, 0, 0, NULL, '-', '-', '-', 'V'),
(5, 308, 4, '460.351.0-177', '1995-11-07 17:00:00', 3.6, 0, 1.7645, 0, 1.7645, 0, 0, 0, NULL, NULL, NULL, NULL, NULL),
(6, 3, 5, '460.351.0-113', '1995-08-15 17:00:00', 26.8305, 26.8305, 26.8305, 26.8305, 0, 1.471, 1.471, 1.471, 'Perubahan ijin lokasi No. 460.351.0-10.379 15-Oct-1994', '-', '-', 'V', '-'),
(7, 309, 6, '460.351.0-142.NF.1.PR.96', '1996-09-22 17:00:00', 15.2, 48.8447, 52.6705, 32.528, 20.1425, 0, 0, 0, NULL, '-', 'V', '-', '-'),
(8, 309, 6, '460.351.0-58', '1999-05-18 17:00:00', 14, NULL, NULL, NULL, NULL, NULL, NULL, NULL, NULL, NULL, NULL, NULL, NULL),
(9, 309, 6, '460.351.0-5728', '1994-07-21 17:00:00', 25, NULL, NULL, NULL, NULL, NULL, NULL, NULL, NULL, NULL, NULL, NULL, NULL),
(10, 4, 7, '460.351.0-70', '1994-04-05 17:00:00', 60, 0, 40, 30, 10, 4.8538, 4.8538, 4.8538, NULL, 'V', '-', '-', '-'),
(11, 4, 8, '460.351.0-189', '1994-10-25 17:00:00', 35, 72.1322, 8.279, 16.9274, 7.2526, 0, 0, 0, NULL, NULL, NULL, NULL, NULL),
(12, 4, 8, '460.351.0-177', '1995-11-07 17:00:00', 3.6, NULL, 3.476, NULL, NULL, NULL, NULL, NULL, NULL, NULL, NULL, NULL, NULL),
(13, 4, 8, '460.351.0-49', '1996-04-21 17:00:00', 8, NULL, 12.425, NULL, NULL, NULL, NULL, NULL, NULL, NULL, NULL, NULL, NULL),
(14, 310, 9, '460.351.0-90', '1994-05-04 17:00:00', 1.272, 0, 0, 0, 0, 0, 0, 0, NULL, '-', '-', '-', 'V'),
(15, 310, 9, '460.351.0-49', '1996-04-23 17:00:00', 8, 0, 8, 0, 8, 0, 0, 0, NULL, NULL, NULL, NULL, NULL),
(16, 311, 10, '460.351.0-103', '1996-07-23 17:00:00', 172, 0, 9.0657, 0, 9.0657, 0, 0, 0, NULL, '-', '-', '-', 'V'),
(17, 5, 11, '460.351.0-177', '1995-11-07 17:00:00', 36, 44.357, 44.357, 17.0386, 27.3184, 0.4931, 0.4931, 8.2918, NULL, '-', 'V', '-', '-'),
(18, 6, 12, '460.351.0-08', '1995-01-10 17:00:00', 6, 14.8735, 14.8735, 14.8735, 0, 1.211, 1.211, 1.211, '21/6/1997 460.135.10-80', 'V', '-', '-', '-'),
(19, 7, 13, '460.351.0-27', '1993-12-23 17:00:00', 10, 28.0731, 28.0731, 28.0731, 0, 4.0537, 4.0537, 4.0537, NULL, NULL, NULL, NULL, NULL),
(20, 8, 14, '460.351.0-08 591/4304/404.51/1994', '2005-01-10 17:00:00', 6, 6, 6, 5.4616, 0.5384, 0, 0, 0, NULL, NULL, NULL, NULL, NULL),
(21, 9, 15, '460.35130-08 188/419/404.1.1.3/2002', '1995-11-03 17:00:00', 6.2045, 6.2045, 6.2045, 1.015, 5.1895, 0, 0, 0, NULL, NULL, NULL, NULL, NULL),
(22, 10, 16, '460.351.0-125', '1995-08-15 17:00:00', 17, 16.775, 10.0749, 9.1064, 0.968499999999999, 1.343, 1.343, 1.343, '15/8/1996 460.351.0-113', '-', 'V', '-', '-'),
(23, 11, 17, '460.351.0-91', '1996-06-30 17:00:00', 18.5, 10.328, 15.737, 12.29, 3.447, 0.426, 0, 0, NULL, 'V', '-', '-', '-'),
(24, 12, 18, '460.351.0-19', '1994-01-31 17:00:00', 6.3, 6.322, 6.322, 6.322, 0, 0.812, 0, 0, NULL, '-', '-', 'V', '-'),
(25, 13, 19, '460.351.0-114', '1996-08-14 17:00:00', 25, 20, 18.958, 15, 3.958, 0.79, 0.79, 0.79, '18/12/1998 460.135.0-99', 'V', '-', '-', '-'),
(26, 13, 19, '460.135.10-10.758', '1997-01-20 17:00:00', 21, NULL, NULL, NULL, NULL, NULL, NULL, NULL, NULL, NULL, NULL, NULL, NULL),
(27, 13, 19, '460.135.10-104A NF.1.Pr-97', '1997-08-11 17:00:00', NULL, NULL, NULL, NULL, NULL, NULL, NULL, NULL, NULL, NULL, NULL, NULL, NULL),
(28, 13, 19, '460.135.0-99 NF.1.Pr.98', '1998-12-17 17:00:00', 3, NULL, NULL, NULL, NULL, NULL, NULL, NULL, NULL, NULL, NULL, NULL, NULL),
(29, 13, 19, '460.35.10-284', '2002-02-06 17:00:00', 4, NULL, NULL, NULL, NULL, NULL, NULL, NULL, NULL, NULL, NULL, NULL, NULL),
(30, 14, 20, '460.351.0-42', '1996-12-27 17:00:00', 39.5, 39.4943, 34.988, 28.008, 6.98, 3.096, 0, 0, NULL, 'V', '-', '-', '-'),
(31, 15, 21, '460.351.0-44', '1991-03-02 17:00:00', 14, 13.686, 14, 13.325, 0.675000000000001, 0, 0, 0, NULL, '-', '-', 'V', '-'),
(32, 16, 22, '460.351.0-29', '1994-02-11 17:00:00', 15, 9, 12.2467, 12.2467, 0, 1.4571, 1.4571, 1.4571, NULL, '-', '-', 'V', '-'),
(33, 16, 22, '460.351.0-37', '1995-02-14 17:00:00', 29.76, 29.78, 21.1001, 21.1001, 0, 0, 0, 0, NULL, NULL, NULL, NULL, NULL),
(34, 16, 22, '460.351.0-151', '1995-10-02 17:00:00', 17, 17, 20.397, 20.397, 0, 0, 0, 0, NULL, NULL, NULL, NULL, NULL),
(35, 17, 23, '401.35.97-I-NIL-1993', '1993-09-15 17:00:00', 50, 40, 40, 9, 31, 0, 0, 0, '28/12/1994 401.351.0-221', 'V', '-', '-', '-'),
(36, 18, 24, '460.351.0-216', '1994-12-22 17:00:00', 24, 22.5, 22.5, 21.5, 1, 9, 9, 8, NULL, 'V', '-', '-', '-'),
(37, 18, 24, '460.351.0-286', '1995-05-31 17:00:00', 2, 1.7, 1.7, 1.5, 0.2, 1.1, 1.1, 1.1, NULL, NULL, NULL, NULL, NULL),
(38, 18, 24, '460.135.10.11.NF.1.Pr', '1999-11-03 17:00:00', 5, 5, 5, 2, 3, 2, 2, 1.2, NULL, NULL, NULL, NULL, NULL),
(39, 18, 24, '460.135.10.47.NF.1.Pr', '2000-10-17 17:00:00', 5, 3.7, 3.7, 2, 1.7, 1.4, 1.4, 1.1, NULL, NULL, NULL, NULL, NULL),
(40, 18, 24, '460.135.10.08 08.NF.1Pr-97', '1997-02-02 17:00:00', 26, 5.2, 5.2, 3, 2.2, 2, 2, 1.6, NULL, NULL, NULL, NULL, NULL),
(41, 18, 24, '188/441/404.1.1.3/2003', '2003-08-19 17:00:00', 16.9, 16.9, 16.8, 2, 14.8, 7.4, 7.4, 0, '11/2/2004 188/653/404.1.1.3/2004 Penambahan Luas', 'V', '-', '-', '-'),
(42, 312, 25, '460.351.10-175.NF.1-Pr-96', '1996-12-02 17:00:00', 11.5165, 0, 1.874, 0, 1.874, 0, 0, 0, NULL, '-', '-', '-', 'V'),
(43, 19, 26, '460.135.10-76NF.1.Pr-97', '1997-06-18 17:00:00', 6.8, 6.8, 6.8, 0.6, 6.2, 0, 0, 0, '17/10/2001 No. 460.35.10-2765 DISPENSASI', 'V', '-', '-', '-'),
(44, 20, 27, '560.135.10-55NF.1.Pr.1997', '1997-05-01 17:00:00', 250, 35, 150, 7.3, 142.7, 0, 0, 0, '19/3/1998 460.135.10.73 NF.1.Pr-1998', 'V', '-', '-', '-'),
(45, 21, 28, NULL, NULL, NULL, NULL, NULL, 0.4007, 1.7191, NULL, NULL, NULL, NULL, NULL, NULL, NULL, NULL),
(46, 313, 29, '460.351.0-06', '1994-01-04 17:00:00', 9.8749, 0, 5.0918, 0, 5.0918, 0, 0, 0, NULL, '-', '-', 'V', '-'),
(47, 22, 30, '188/02/404.05/2000', '2000-01-11 17:00:00', 25, 18.3983, 32.7757, 18.3983, 14.3774, 7.4097777, 7.4097777, 7.4097777, '27/2/2001 188/90/404.05/2001 REVISI', 'V', '-', '-', '-'),
(48, 22, 30, '188/473/404.1.3.2/2011', '2011-04-17 17:00:00', 16, NULL, NULL, NULL, NULL, NULL, NULL, NULL, NULL, NULL, NULL, NULL, NULL),
(49, 22, 30, '188/1124/404.1.3.2/2012', '2012-12-26 17:00:00', 6, NULL, NULL, NULL, NULL, NULL, NULL, NULL, NULL, NULL, NULL, NULL, NULL),
(50, 23, 31, '188/02/404.05/2000', '2000-01-11 17:00:00', 25, 6.9939, NULL, 0, NULL, 2.8086, 2.8086, NULL, NULL, NULL, NULL, NULL, NULL),
(51, 23, 31, '188/473/404.1.3.2/2011', '2011-04-17 17:00:00', 16, NULL, NULL, NULL, NULL, NULL, NULL, NULL, NULL, NULL, NULL, NULL, NULL),
(52, 23, 31, '188/1124/404.1.3.2/2012', '2012-12-26 17:00:00', 6, NULL, NULL, NULL, NULL, NULL, NULL, NULL, NULL, NULL, NULL, NULL, NULL),
(53, 314, 32, '188/39/404.05/2000', '2000-02-22 17:00:00', 25, 0, 12.5, 0, 12.5, 0, 0, 0, '16/11/2001 188/605/404.1.1.3/01', '-', '-', '-', 'V'),
(54, 314, 32, NULL, NULL, NULL, NULL, NULL, NULL, NULL, NULL, NULL, NULL, NULL, NULL, NULL, NULL, NULL),
(55, 24, 33, '188/38/404.05/2000', '2000-02-26 17:00:00', 10, 3.5337, 3.5337, 1.5184, 2.0153, 1.3573, 1.3573, 1.3573, '30/3/2001 188/206/404.05/2001', 'V', '-', '-', '-'),
(56, 25, 34, '188/553/404.05/2000', '2000-12-02 17:00:00', 16, 11.3967, 11.3967, 9.2242, 2.1725, 3.7168, 3.7168, 3.7168, '13/3/2001 188/114/404.05/2001', 'V', '-', '-', '-'),
(57, 25, 34, '460.135.10-963', '2001-03-14 17:00:00', NULL, NULL, NULL, NULL, NULL, NULL, NULL, NULL, NULL, NULL, NULL, NULL, NULL),
(58, 25, 34, '188/684/404.1.1.3/02', '2002-11-19 17:00:00', 19, 0, 0, 0, 0, 0, 0, 0, NULL, NULL, NULL, NULL, NULL),
(59, 26, 35, '188/536/404.05/2000', '2000-06-16 17:00:00', 6, 5.4987, 5.4987, 5.4987, 0, 0.175, 0.175, 0.175, NULL, 'V', '-', '-', '-'),
(60, 26, 35, '188/202/404.05/2001', '2001-03-29 17:00:00', NULL, NULL, NULL, NULL, NULL, NULL, NULL, NULL, NULL, NULL, NULL, NULL, NULL),
(61, 27, 36, '188/202/404.05/2001', '2001-03-29 17:00:00', 25, 13.3509, 13.3509, 9, 4.3509, 4.6452, 4.6452, 4.6452, '3/3/2003 188/119/404.1.1.3/03', NULL, NULL, NULL, NULL),
(62, 28, 37, '188/136/404.05/2001', '2001-03-20 17:00:00', 25, 13.3861, 13.3861, 8, 5.3861, 5.6197, 5.6197, 5.6197, 'Agustus 2002 188/517/404.1.1.3/2002', 'V', '-', '-', '-'),
(63, 28, 37, NULL, NULL, NULL, NULL, 9.3283, 1.8826, 7.4457, 0.455, 0.4802, 0.4802, NULL, NULL, NULL, NULL, NULL),
(64, 29, 38, '188/453/404.05/2000', '2000-05-11 17:00:00', 15, 15, 8, 4, 4, 6, 2, 2, '28/5/2000 188/354/404.05/01', 'V', '-', '-', '-'),
(65, 30, 39, '188/377/404.05/2001', '2001-06-24 17:00:00', 11, 8.797, 8.797, 2.0672, 6.7298, 3.6288, 3.6288, 3.6288, '6/9/2002 460.135.10-5489', 'V', '-', '-', '-'),
(66, 30, 39, '188/555/404.1.1.3/02', '2002-09-04 17:00:00', 12, 0, 0, 0, 0, 0, 0, 0, NULL, NULL, NULL, NULL, NULL),
(67, 31, 40, '188/208/404.05/2001', '2001-03-29 17:00:00', 15, 15, 15, 10.5, 4.5, 6.3875, 6.3875, 6.3875, '10/4/2002 188/217/404.1.1.3/02', 'V', '-', '-', '-'),
(68, 32, 41, '188/392/404.1.1.3/02', '2002-06-10 17:00:00', 25, 10.7884, 10.7884, 0, 0, 0, 0, 0, NULL, '-', '-', '-', 'V'),
(69, 32, 41, '188/445/404.1.1.3/01', '2001-07-31 17:00:00', 15, NULL, NULL, NULL, 0, 0, 0, 0, NULL, NULL, NULL, NULL, NULL),
(70, 33, 42, '188/483/404.1.1.3/02', '2002-08-08 17:00:00', 1.4452, 1.3442, 1.3442, 1.2, 0.1442, 0, 0, 0, NULL, '-', 'V', '-', '-'),
(71, 34, 43, '188/440/404.1.1.3/2003', '2003-08-19 17:00:00', 3.5, 2.2758, 2.2758, 2.2758, 0, 0.9103, 0.9103, 0.9103, NULL, 'V', '-', '-', '-'),
(72, 35, 44, '188/520/404.1.1.3/2004', '2004-08-08 17:00:00', 3.2, 2.0609, 2.0609, 1.08, 0.9809, 0, 0, 0, NULL, 'V', '-', '-', '-'),
(73, 36, 45, '188/16/404.1.1.3/2005', '2005-01-19 17:00:00', 10, 4.065, 4.065, 2.261, 1.804, 0, 0, 0, NULL, 'V', '-', '-', '-'),
(74, 315, 46, '188/670/404.1.1.3/2004', '2004-11-25 17:00:00', 5, 0, 0, 0, 0, 0, 0, 0, NULL, '-', '-', '-', 'V'),
(75, 316, 47, '188/108/404.1.1.3/05', '2005-03-13 17:00:00', 105, 0, 0, 0, 0, 0, 0, 0, NULL, '-', '-', '-', 'V'),
(76, 317, 48, '188/110/404.1.1.3/05', '2005-03-13 17:00:00', 6.3, 0, 0, 0, 0, 0, 0, 0, NULL, '-', '-', '-', 'V'),
(77, 317, 48, '188/213/404.1.1.3/05', '2005-04-07 17:00:00', 9, 0, 0, 0, 0, 0, 0, 0, NULL, '-', '-', '-', 'V'),
(78, 318, 49, '188/230/404.1.1.3/05', '2005-04-18 17:00:00', 12.5, 0, 0, 0, 0, 0, 0, 0, NULL, '-', '-', '-', 'V'),
(79, 319, 50, '188/228/404.1.1.3/05', '2005-04-18 17:00:00', 10, 0, 0, 0, 0, 0, 0, 0, NULL, '-', '-', '-', 'V'),
(80, 37, 51, '188/810/404.1.1.3/05', '2005-10-10 17:00:00', 17, 5.2302, 5.2302, 3.0468, 2.1834, 2.0706, 2.0706, 2.0706, NULL, 'V', '-', '-', '-'),
(81, 38, 52, '591.4/65/320/1988', '1988-05-26 17:00:00', 5, 4.6614, 4.6614, 1.4361, 3.2253, 0, 0, 0, NULL, '-', 'V', '-', '-'),
(82, 39, 53, '591/2617/404.3.7/2005', '2005-07-26 17:00:00', 1, 1, 1, 2.023, 3.878, 0, 0, 4.029, NULL, 'V', '-', '-', '-'),
(83, 39, 53, '188/1170/404.1.3.2/2009', '2009-09-07 17:00:00', 20.5, 8.511, NULL, NULL, NULL, NULL, NULL, NULL, NULL, NULL, NULL, NULL, NULL),
(84, 40, 54, '460.135.10/176/4.13.b/2005', '2005-10-24 17:00:00', 0.7345, 0.8442, 0.8442, 0.2, 0.6442, 0, 0, 0, NULL, 'V', '-', '-', '-'),
(85, 37, 55, '188/1102/404.1.1.3/2007', '2007-09-25 17:00:00', 4.4, 4.3283, 4.3283, 1.1517, 3.1766, 1.7313, 1.7313, 1.7313, NULL, 'V', '-', '-', '-'),
(86, 41, 56, '188/1042/404.1.1.2/2008', '2008-06-09 17:00:00', 75, 29.3485, 29.3485, 0, 29.3485, 0.4, 0.4, 0.4, NULL, 'V', '-', '-', '-'),
(87, 41, 56, '188/623/404.3.2/2010', '2010-04-14 17:00:00', 27, NULL, NULL, NULL, NULL, NULL, NULL, NULL, NULL, NULL, NULL, NULL, NULL),
(88, 42, 57, '188/944/404.1.1.3/2006', '2006-10-09 17:00:00', 20, 19.3719, 19.3719, 0, 19.3719, 0, 0, 0, NULL, 'V', '-', '-', '-'),
(89, 43, 58, '188/8/404.1.1.3/2007', '2007-01-10 17:00:00', 1.631, 1.631, 1.631, 0, 1.631, 0, 0, 0, NULL, 'V', '-', '-', '-'),
(90, 44, 59, '591.4/65/320/1988', '1988-05-26 17:00:00', 5, 4.6614, 4.685, 0, 4.6614, 1.7889, 1.7889, 1.7889, NULL, 'V', '-', '-', '-'),
(91, 45, 60, '594/2901/404.6.2/2011', '2011-07-13 17:00:00', 0.5862, 0.5862, 0.5862, 0, 0.5862, 0.2409, 0.2409, 0.2409, NULL, 'V', NULL, NULL, NULL),
(92, 46, 61, '591/4380/404.6.2/2012', '2012-10-03 17:00:00', 0.7179, 0.6782, 0.6782, NULL, 0.6782, 0.306, 0.306, 0.306, NULL, 'V', NULL, NULL, NULL),
(93, 47, 62, '188/573/404.1.3.2/2011', '2011-05-23 17:00:00', 5.5, 5.7829, 5.7829, NULL, 5.7829, 2.3572, 2.3572, 2.3572, '4/7/2012 188/671/404.1.3.2/2012', 'V', NULL, NULL, NULL),
(94, 320, 63, '460.351.0-4886', '1994-06-27 17:00:00', 0.4, 0, 0.4, 0, 0.4, 0, 0, 0, NULL, '-', '-', '-', 'V'),
(95, 321, 64, '460.351.0-121', '1994-07-08 17:00:00', 30, 17.9321, 4.992, 0, 4.992, 7.0395, 2.1395, 0, '14/7/1995 460.351.0-105', '-', '-', '-', 'V'),
(96, 48, 65, '460.351.0-148', '1994-07-21 17:00:00', 30, 21, 21, 0, 21, 8.48, 8.48, 8.48, '25/7/1995 460.351.0-109 ( Dispensasi ) 25/7/1996 26/6/1996 460.351.0-89', '-', 'V', '-', '-'),
(97, 49, 66, '460.351.0-74', '1994-05-10 17:00:00', 12.5, 12.5, 12.2, 10.7, 1.5, 4.95, 4.19, 4.19, '28/5/1996 460.351.0-65 7/7/1997 460.351.0-86 1/5/2002 460.135.10-991', 'V', '-', '-', '-'),
(98, 322, 67, '460.351.0-116', '1995-07-27 17:00:00', 0.4533, 0, 0.4533, 0, 0.4533, 0, 0, 0, NULL, '-', '-', '-', 'V'),
(99, 323, 68, '460.351.0-28', '1996-02-13 17:00:00', 6.5, 0, 6.0444, 0, 6.0444, 0, 0, 0, NULL, '-', '-', '-', 'V'),
(100, 324, 69, NULL, NULL, 0, 0.27, 0.27, 0, 0.27, 0, 0, 0, NULL, '-', '-', '-', 'V'),
(101, 325, 70, '460.135.10-179 NF . 1 . Pr - 96', '1996-12-11 17:00:00', 11, 10.8884, 11, 0, 11, 0, 0, 0, 'KSB', '-', '-', 'V', '-'),
(102, 326, 71, '460.135.10-4 NF . 1 . Pr - 97', '1997-04-16 17:00:00', 62.5, 0, 19.88, 0, 19.88, 0, 0, 0, NULL, '-', '-', '-', 'V'),
(103, 326, 71, '460.135.10-56', '1997-05-01 17:00:00', 35, 0, 0.2344, 0, 0.2344, 0, 0, 0, NULL, NULL, NULL, NULL, NULL),
(104, 50, 72, '460.135.10-52NF . 1 . Pr - 97', '1997-04-29 17:00:00', 10, 5.0715, 5.0715, 4.2, 0.8715, 0, 0, 0, NULL, 'V', '-', '-', '-'),
(105, 51, 73, '460.351.0-154', '1997-11-26 17:00:00', 12, 10.9379, 10.9379, 4.9833, 5.9546, 0, 0, 0, '4/11/2000 188/527/404.05/2000', 'V', '-', '-', '-'),
(106, 327, 74, '460.135.10-78NF . 1 . Pr - 97', '1997-06-24 17:00:00', 45, 45, 17.9, 0, 17.9, 0, 0, 0, '26/8/1998 460.135.10-175', '-', '-', '-', 'V'),
(107, 328, 75, '188/563/404.05/99', '1999-12-15 17:00:00', 25, 0, 12.5618, 0, 12.5618, 0, 0, 0, '23/1/2001 188/5/404.05/2001', '-', '-', '-', 'V'),
(108, 329, 76, '460.135.10-38 NF . 1 . Pr - 98', '1998-05-03 17:00:00', 0.2735, 0, 0, 0, 0, 0, 0, 0, NULL, '-', '-', '-', 'V'),
(109, 52, 77, '460.135.10-15NF . 1 . Pr - 99', '1999-03-02 17:00:00', 0.86, 0.86, 0.86, 0, 0.86, 0.0271, 0.0271, 0, NULL, '-', '-', '-', 'V'),
(110, 52, 77, '188/598/404.05/99', '1999-01-30 17:00:00', 2, 1.9347, 1.1664, 1.1664, 0, 0, 0, 0, NULL, NULL, NULL, NULL, NULL),
(111, 53, 78, '188/911/404.05/2000', '2000-10-18 17:00:00', 25, 26.5535, 26.5535, 25, 1.5535, 1.07506, 1.07506, 0, NULL, 'V', '-', '-', '-'),
(112, 53, 78, '188/650/404.1.3/2004', '2004-11-01 17:00:00', 40, NULL, NULL, NULL, NULL, NULL, NULL, NULL, NULL, NULL, NULL, NULL, NULL),
(113, 54, 79, '460.135.10-48NF . 1 . Pr - 97', '1997-04-21 17:00:00', 9, 10.2959, 3.3134, 0, 3.3134, 0.3728, 0, 0, NULL, '-', '-', '-', 'V'),
(114, 55, 80, '460.351.0-72', '1994-04-05 17:00:00', 125, 0, 0, NULL, NULL, NULL, NULL, NULL, NULL, 'V', '-', '-', '-'),
(115, 55, 80, '591/3532/404.3.5/03', '2003-12-29 17:00:00', 12, 0, 0, NULL, NULL, NULL, NULL, NULL, 'Dispensasi penyelesaian adm tanah', NULL, NULL, NULL, NULL),
(116, 55, 80, '460.35.10-6434', '2004-11-09 17:00:00', 13, 13, 13, 13, 0, 5.2, 5.2, 5.2, 'Persetujuan penyesuaian luas Ijin Lokasi', NULL, NULL, NULL, NULL),
(117, 330, 81, '188/575/404.05/99', '1999-12-23 17:00:00', 25, 0, 15.5755, 0, 15.5755, 0, 0, 0, '19/4/2001 188/259/404.05/2001', '-', '-', '-', 'V'),
(118, 331, 82, '188/584/404.05/99', '1999-12-26 17:00:00', 25, 0, 13.022, 0, 13.022, 0, 0, 0, '19/4/2001 188/258/404.05/2001', '-', '-', '-', 'V'),
(119, 56, 83, '188/52/401.05/2000', '2000-03-03 17:00:00', 12, 7, 7.2279, 1.6947, 5.5332, 2.4, 2.4, 2.4, '30/3/2001 188/205/404.05/2001 Dispensasi 16/7/2002 460.35.10-1758 Dispensasi 30/5/2006 591/1851/404.3.5/2006', 'V', '-', '-', '-'),
(120, 332, 84, '188/576/404.05/99', '1999-12-23 17:00:00', 25, 0, 14.41, 0, 14.41, 0, 0, 0, '19/4/2001 188/256/404.05/2001', '-', '-', '-', 'V'),
(121, 57, 85, '591/1186/404.3.5/2004', '2004-05-10 17:00:00', 15, 5.0437, 5.0437, 3, 2.0437, 0, 0, 0, '11/5/2004 591/1186/404.3.5/2004', 'V', '-', '-', '-'),
(122, 333, 86, '188/556/404.1.1.3/02', '2002-09-04 17:00:00', 20, 0, 0, 0, 0, 0, 0, 0, NULL, '-', '-', '-', 'V'),
(123, 334, 87, '460.135.10-57 NF.1.I-2002', '2002-08-15 17:00:00', 1, 0, 0, 0, 0, 0, 0, 0, NULL, '-', '-', '-', 'V'),
(124, 58, 88, '188/44/404.1.1.3/02', '2002-02-04 17:00:00', 18, 6.7, 6.7, 4.7, 2, 0, NULL, 0, NULL, 'V', '-', '-', '-'),
(125, 59, 89, '188/455/404.1.1.3/2001', '2005-08-12 17:00:00', 7, 4.7333, 4.7333, 4.7333, 0, 0.4507, 0.4507, 0.4507, '28/7/2005 591/1997/404.3.5/2005', 'V', '-', '-', '-'),
(126, 59, 89, '188/611/404.1.1.3/2002', '2002-10-13 17:00:00', NULL, NULL, NULL, NULL, NULL, NULL, NULL, NULL, NULL, NULL, NULL, NULL, NULL),
(127, 60, 90, '188/732/404.1.1.3/2001', '2001-12-19 17:00:00', 2.256, 2.256, 2.256, 2.256, 0, 0, 0, 0, NULL, '-', '-', 'V', '-'),
(128, 61, 91, '188/530/404.1.1.3/2003', '2003-10-27 17:00:00', 25, 27.817, 27.817, 27.817, 0, 0, 0, 0, NULL, '-', '-', 'V', '-'),
(129, 62, 92, '188/456/404.1.1.3/2001', '2001-08-12 17:00:00', 15, 0, 9.8685, 0, 9.8685, 0, 0, 0, '21/8/2003 591/2265/404.3.5/2003', '-', '-', '-', 'V'),
(130, 335, 93, '188/53/404.05/2000', '2000-03-03 17:00:00', 8, 0, 4.27, 0, 4.27, 0, 0, 0, NULL, '-', '-', '-', 'V'),
(131, 336, 94, '188/37/404.05/2000', '2000-02-22 17:00:00', 10, 0, 0, 0, 0, 0, 0, 0, NULL, '-', '-', '-', 'V'),
(132, 63, 95, '188/351/404.1.1.3/2003', '2003-06-29 17:00:00', 20, 7.493, 7.493, 0, 7.493, 0, 0, 0, NULL, 'V', '-', '-', '-'),
(133, 337, 96, '188/649/404.1.1.3/2004', '2004-11-01 17:00:00', 11, 0, 0, 0, 0, 0, 0, 0, NULL, '-', '-', '-', 'V'),
(134, 337, 96, '188/650/404.3.17/2004', '2004-11-01 17:00:00', 4, 0, 0, 0, 0, 0, 0, 0, NULL, NULL, NULL, NULL, NULL),
(135, 64, 97, '188/735/404.1.1.3/2004', '2004-12-27 17:00:00', 3.5, 1.8831, 1.8831, 1.1, 0.7831, 0, 0, 0, NULL, 'V', '-', '-', '-'),
(136, 65, 98, '188/25/404.1.1.3/2005', '2005-01-24 17:00:00', 7.5, 6.6013, 6.6013, 0, 6.6013, 0, 0, 0, NULL, 'V', '-', '-', '-'),
(137, 66, 99, '188/410/404.1.1.3/2005', '2005-05-17 17:00:00', 9.314, 9.314, 9.314, 5.6, 3.714, 1.42, 1.42, 1.42, NULL, 'V', '-', '-', '-'),
(138, 338, 100, '188/531/404.1.1.3/2005', '2005-06-14 17:00:00', 10, 0, 0, 0, 0, 0, 0, 0, NULL, '-', '-', '-', 'V'),
(139, 67, 101, '460.351.0-127', '1994-07-17 17:00:00', 36, 27.3902, 27.3902, 0.5, 26.8902, 10.550159, 10.550159, 0, '9/12/1994 188/555/404.05/1999', 'V', '-', '-', '-'),
(140, 68, 102, '460.351.0-127', '1994-07-17 17:00:00', 36, 27.3902, 27.3902, 0.5, 26.8902, 10.550159, 10.550159, 0, '9/12/1994 188/555/404.05/1999', 'V', '-', '-', '-'),
(141, 69, 103, '591/2640/404.6.2013', '2013-05-27 17:00:00', 6.01008, NULL, NULL, NULL, NULL, NULL, NULL, NULL, NULL, NULL, NULL, NULL, NULL),
(142, 69, 104, '591/2641/404.6.2013', '2013-05-27 17:00:00', 21.2879, NULL, NULL, NULL, NULL, NULL, NULL, NULL, NULL, NULL, NULL, NULL, NULL),
(143, 339, 105, '188/1022/404.1.1.2/2008', '2008-06-01 17:00:00', 25, 0, 0, 0, 0, 0, 0, 0, NULL, 'V', '-', '-', '-'),
(144, 70, 106, '188/505/404.1.1.2/2003', '2003-10-05 17:00:00', 10, 4.0511, 4.0511, 0, 4.0511, 0, 0, 0, NULL, 'V', '-', '-', '-'),
(145, 71, 107, '188/1345/404.1.1.2/2008', '2008-11-24 17:00:00', 35, 16.6152, 16.6152, 0, 16.6152, 6.6081, 6.6081, 6.6081, NULL, 'V', '-', '-', '-'),
(146, 72, 108, '188/641/404.4.3.2/2010', '2010-04-14 17:00:00', 2.4, 1.9959, 1.9959, NULL, NULL, 0.1078, 0.1078, 0.1078, NULL, 'V', NULL, NULL, NULL),
(147, 73, 109, '591/910/404.6.2/2010', '2010-03-08 17:00:00', 0.95, 1.0372, 1.0372, 0, 1.0372, 0.4043, 0.4043, 0, NULL, 'V', '-', '-', '-'),
(148, 74, 110, '188/208/404.1.3.2/2012', '2012-02-29 17:00:00', 13, 12.6818, 12.6818, NULL, 12.6818, 5.0697, 5.0697, NULL, NULL, NULL, NULL, NULL, NULL),
(149, 75, 111, '460.351.0-109', '1994-06-24 17:00:00', 10, 10, 10, 8, 2, 0.6, 0.65, 0.6, '26/7/1995 460.351.0-111', '-', 'V', '-', '-'),
(150, 76, 112, '460.351.0-349', '1995-05-11 17:00:00', 25, 15.488, 11.8677, 8, 3.8677, 1.1589, 0.6, 0.6, '24/5/1996 460.351.0-64', '-', 'V', '-', '-'),
(151, 340, 113, '460.351.0-59', '1995-04-16 17:00:00', 25, 0, 6.383, 0, 6.383, 8, 8, 0, '21/5/1996 460.351.0-59', '-', '-', '-', 'V'),
(152, 77, 114, '460.351.0-305', '1996-02-13 17:00:00', 18, 10.6576, 9.1, 2.93, 6.17, 0.9097, 0.02, 0, 'Sebagian Ijin Lokasi di Take Over oleh PT. HOMELAND INDONESIA', '-', 'V', '-', '-'),
(153, 78, 115, '460.351.0-18', '1996-05-30 17:00:00', 2.5, 2.6567, 0.8303, 0, 0.8303, 0.0883, 0, 0, NULL, '-', '-', '-', 'V'),
(154, 79, 116, '460.135.10-96', '1996-03-29 17:00:00', 4, 4, 2.7044, 1.4, 1.3044, 0, 0, 0, NULL, '-', 'V', '-', '-'),
(155, 79, 116, '460.135.10-05NF.1.Pr-1999', '1999-09-29 17:00:00', 1.6, 1.6, 1.6, 1.4, 0.2, 0.0912, 0.0912, 0.0912, NULL, NULL, NULL, NULL, NULL),
(156, 80, 117, '460.135.10-4167', '1998-07-23 17:00:00', 5, 0, 0, 0, 0, 0, 0, 0, NULL, '-', '-', '-', 'V'),
(157, 81, 118, NULL, NULL, 0, 1, 1, 0.5, 0.5, 0, 0, 0, NULL, '-', '-', 'V', '-'),
(158, 82, 119, '188/127/404.05/2001', '2001-03-20 17:00:00', 3, 2.8365, 2.8365, 2.8365, 0, 0.2046, 0.2046, 0.2046, NULL, '-', 'V', '-', '-'),
(159, 83, 120, '188/313/404.1.1.3/02', '2002-05-19 17:00:00', 25, 18.4424, 18.4424, 2.1198, 16.3226, 0, 0, 0, '15/4/2003 188/220/404.1.1.3/03 LUAS 25.0000 Ha', 'V', '-', '-', '-'),
(160, 84, 121, '188/482/404.1.1.3/02', '2002-08-08 17:00:00', 11.5, 2.1494, 2.1494, 0, 2.1494, 0, 0, 0, NULL, 'V', '-', '-', '-'),
(161, 84, 121, '188/602/404.1.1.3/01', '2001-10-15 17:00:00', 25, 20.1263, 20.1263, 5.8735, 14.2528, 0, 0, 0, '19/9/2002 188/575/404.1.1.3/2002', 'V', '-', '-', '-'),
(162, 341, 122, '188/564/404.1.1.3/01', '2001-09-30 17:00:00', 8, 0, 0, 0, 0, 0, 0, 0, NULL, '-', '-', '-', 'V'),
(163, 342, 123, '188/347/404.1.1.3/2003', '2003-06-29 17:00:00', 21.5, 0, 0, 0, 0, 0, 0, 0, NULL, 'V', '-', '-', '-'),
(164, 343, 124, '188/272/404.1.1.3/2003', '2003-05-11 17:00:00', 15, 0, 0, 0, 0, 0, 0, 0, NULL, '-', '-', '-', 'V'),
(165, 343, 124, '188/36/404.1.1.3/2005', '2005-01-31 17:00:00', 17, 0, 0, 0, 0, 0, 0, 0, NULL, '-', '-', '-', 'V'),
(166, 85, 125, '188/929/404.05/2000', '2000-11-14 17:00:00', 18.5, 0, 0, 0, 0, 0, 0, 0, NULL, 'V', '-', '-', '-'),
(167, 344, 126, '188/483/404.1.1.3/2003', '2003-09-23 17:00:00', 6.5, 0, 0, 0, 0, 0, 0, 0, NULL, '-', '-', '-', 'V'),
(168, 86, 127, '188/655/404.1.13/2005', '2005-07-26 17:00:00', 5, 2.1253, 2.1253, 0, 2.1253, 0, 0, 0, NULL, '-', '-', '-', 'V'),
(169, 87, 128, '460.351.0-1596', '1994-02-28 17:00:00', 8, 4.7358, 4.7358, 3.7358, 1, 0, 0, 0, '17/3/1995 460.351.0-50', 'V', '-', '-', '-'),
(170, 88, 129, '460.351.0-88', '1994-05-04 17:00:00', 8.2, 8.2, 8.2, 5.4928, 2.7072, 0, 0, 1.2, '8/1/1996 460.351.0-4519', 'V', '-', '-', '-'),
(171, 88, 130, '460.351.0-87', '1994-05-04 17:00:00', 19, 21, 21, 2.2888, 18.7112, 7.2913, 0, 0, '7/3/1995 460.351.0-98', 'V', '-', '-', '-'),
(172, 89, 131, '460.135.10-79 NF . 1 . Pr - 97', '1997-06-25 17:00:00', 22, 21.1533, 21.1533, 3.4202, 17.7331, 8.0399, 8.0399, 0, '29/6/1998 460.135.10-55 NF.1.Pr-1998', 'V', '-', '-', '-'),
(173, 90, 132, '401.35.67 1 . NL - 1995', '1993-07-13 17:00:00', 53, 53.0614, 53, 27.497, 25.503, 20.4082, 0, 0, '15/8/1996 460.351.10-6620', 'V', '-', '-', '-'),
(174, 91, 133, '460.351.0-46 A', '1995-05-08 17:00:00', 8.1, 8.1, 8.1, 5.2, 2.9, 0, 0, 2.2, '15/8/1996 460.351.0-6620', 'V', '-', '-', '-'),
(175, 92, 134, '460.351.0-78', '1994-04-17 17:00:00', 6.1192, 7.344, 7.344, 7.344, 0, 0, 0, 0, NULL, '-', '-', 'V', '-'),
(176, 92, 134, '460.351.0-14', '1995-08-14 17:00:00', 17, 0, 0, 0, 0, 0, 0, 0, NULL, NULL, NULL, NULL, NULL),
(177, 93, 135, '460.351.0-166 A', '1995-10-23 17:00:00', 6, 5.264, 5.264, 4.265, 0.999000000000001, 2.1, 2.1, 2.1, NULL, 'V', '-', '-', '-'),
(178, 94, 136, '460.135.10/272/4.13.b/08', '2008-07-23 17:00:00', 1.0845, 1.0845, 1.0845, 0, 1.0845, 0, 0, 0, NULL, NULL, NULL, NULL, NULL),
(179, 95, 137, '460.351.0-152', '1995-10-02 17:00:00', 200, 0, 40, 40, 0, 0, 0, 0, '21/12/1996 460.351.0-189', '-', '-', 'V', '-'),
(180, 95, 138, '591.4/03/320/1987 (SK. GUBERNUR)', '1987-01-15 17:00:00', 22, 0, 0, 0, 0, 0, 0, 0, NULL, 'V', '-', '-', '-'),
(181, 96, 139, '460.351.0-147', '1995-09-28 17:00:00', 4.1, 3.6, 1.5, 1.3867, 0.1133, 1.44, 0.6, 0.6, '25/9/1996 460.135.0-143 NF . 1 . Pr - 96', '-', '-', 'V', '-'),
(182, 345, 140, '460.351.0-83', '1996-06-19 17:00:00', 25, 0, 26.6443, 0, 26.6443, 0, 0, 0, NULL, '-', '-', '-', 'V'),
(183, 346, 141, '460.135.10-68 NF . 1 . Pr - 97', '1997-06-03 17:00:00', 1.5, 0, 1.376, 0, 1.376, 0, 0, 0, NULL, '-', '-', '-', 'V'),
(184, 97, 142, '460.135.10-43 NF . 1 . Pr - 97', '1997-04-16 17:00:00', 62.5, 0, 19.68, 0, 19.68, 0, 0, 0, NULL, '-', '-', '-', 'V'),
(185, 347, 143, '460.351.0-168', '1997-11-21 17:00:00', 25.192, 0, 0, 0, 0, 0, 0, 0, NULL, '-', '-', '-', 'V'),
(186, 347, 144, '401.35.73.I NIL-93', '1993-07-19 17:00:00', 9.4, 7.7311, 7.047, 1.595, 5.452, 4.8783, 4.8783, 2.215, NULL, '-', 'V', '-', '-'),
(187, 348, 145, '460.135.10-13NF . 1 . Pr - 98', '1998-02-13 17:00:00', 5, 0, 2.3633, 0, 2.3633, 0, 0, 0, '14/2/1998 460.135.10-13 NF . 1 . Pr - 98', '-', '-', '-', 'V'),
(188, 349, 146, '460.135.10-96NF . 1 . Pr - 97', '1997-06-21 17:00:00', 1.776, 0, 0, 0, 0, 0, 0, 0, 'Eks Sebagian Ijin Lokasi PT. JENGGALA ANDAYANI', '-', '-', '-', 'V'),
(189, 350, 147, '460.351.0-2767', '1996-05-30 17:00:00', 30, 0, 0, 0, 0, 1.3, 0, 0, NULL, '-', '-', '-', 'V'),
(190, 351, 148, '460.351.0-93', '1996-07-08 17:00:00', 4.6, 0, 2.824, 0, 2.824, 0, 0, 0, 'Pembatalan Sebagian IJIN LOKASI 22-7-1997 460.35.10-5.811', '-', '-', '-', 'V'),
(191, 352, 149, '460.135.10-45NF.1.Pr-1999', '1999-08-26 17:00:00', 3.628, 3.6, 3.6, 0, 3.6, 0, 0, 0, NULL, '-', '-', '-', 'V'),
(192, 98, 150, '591/825/404.71/2001', '2001-03-20 17:00:00', 0.587, 0.587, 0.587, 0, 0.587, 0, 0, 0, NULL, '-', '-', '-', 'V'),
(193, 99, 151, '401.35-143-I-1990 (SK. GUBERNUR)', '1990-09-21 17:00:00', 15, 8.964, 8.964, 8.539, 0.425000000000001, 0, 0, 0, NULL, 'V', '-', '-', '-'),
(194, 99, 151, '460.357.0-5283', '2003-12-15 17:00:00', NULL, NULL, NULL, NULL, NULL, NULL, NULL, NULL, NULL, NULL, NULL, NULL, NULL),
(195, 99, 152, '188/694/404.1.1.3/2004', '2004-12-12 17:00:00', 13, 2.6422, 2.6422, 0, 2.6422, 0, 0, 0, NULL, NULL, NULL, NULL, NULL),
(196, 353, 153, '460.35.10-2038 B', '2002-08-12 17:00:00', 1.7934, 0, 0, 0, 0, 0, 0, 0, NULL, '-', '-', '-', 'V'),
(197, 354, 154, '188/209/404.05/01', '2001-03-29 17:00:00', 25, 0, 0, 0, 0, 0, 0, 0, NULL, '-', '-', '-', 'V'),
(198, 355, 155, '188/210/404.05/001', '2001-03-29 17:00:00', 25, 0, 0, 0, 0, 0, 0, 0, NULL, '-', '-', '-', 'V'),
(199, 100, 156, '188/605/404.1.1.3/2004', '2004-09-30 17:00:00', 2, 1.118, 1.118, 0.85, 0.268, 0.0133, 0.0133, 0.0133, NULL, 'V', '-', '-', '-'),
(200, 356, 157, '188/19/404.1.1.3/2005', '2005-01-19 17:00:00', 7, 0, 0, 0, 0, 0, 0, 0, NULL, '-', '-', '-', 'V'),
(201, 356, 157, '188/20/404.1.1.3/2005', '2005-01-19 17:00:00', 7, 0, 0, 0, 0, 0, 0, 0, NULL, '-', '-', '-', 'V'),
(202, 357, 158, '188/38/404.1.1.3/2005', '2005-01-31 17:00:00', 10, 0, 0, 0, 0, 0, 0, 0, NULL, '-', '-', '-', 'V'),
(203, 358, 159, '188/39/404.1.1.3/2005', '2005-01-31 17:00:00', 12, 0, 0, 0, 0, 0, 0, 0, NULL, '-', '-', '-', 'V'),
(204, 101, 160, '188/407/404.1.1.3/2005', '2005-05-17 17:00:00', 5, 5, 5, 3, 2, 0, 0, 0, NULL, 'V', '-', '-', '-'),
(205, 101, 161, '460.135.10/157/4.13.b/2006', '2006-08-02 17:00:00', 5, 5.65, 5.65, 3.39, 2.26, 0, 0, 0, NULL, NULL, NULL, NULL, NULL),
(206, 101, 161, '460.135.10/210/4.13.b/2006', '2006-01-10 17:00:00', 0.65, NULL, NULL, NULL, NULL, NULL, NULL, NULL, NULL, NULL, NULL, NULL, NULL),
(207, 102, 162, '591/1628/404.3.7/2007', '2007-05-20 17:00:00', 0.974, 0.974, 0.999, 0.5, 0.499, 0, 0, 0, NULL, 'V', '-', '-', '-'),
(208, 103, 163, '591/4096/404.3.7/2006', '2006-11-27 17:00:00', 0.5808, 0.5408, 0.5408, 0, 0.5408, 0, 0, 0, NULL, 'V', '-', '-', '-'),
(209, 104, 164, '591/1232/404.6.2/2010', '2010-03-31 17:00:00', 0.566, 0.566, 0.566, 0, 0.566, 0.2152, 0.2152, 0, NULL, 'V', '-', '-', '-'),
(210, 105, 165, '188/46/404.1.3.2/2011', '2011-02-06 17:00:00', 10.768, 2.406, 2.4421, 0, 2.4421, 1.1505, 1.1505, NULL, NULL, 'V', '-', '-', NULL),
(211, 106, 166, '188/1273/404.1.3.2/2009', '2011-10-04 17:00:00', 12, 0.32327, 3.0489, 0.9, 2.1489, 0.21383, 0.21383, NULL, NULL, 'V', '-', '-', NULL),
(212, 107, 167, '188/16/404.1.3.2/2011 Persetujuan Pemanfaatan Ruang', '2011-01-23 17:00:00', 1.3, 1.5256, 1.5256, NULL, 1.5256, 0.6173, 0.6173, NULL, NULL, 'V', '-', '-', '-'),
(213, 107, 167, '591/5483/404.6.2/2011', '2011-12-29 17:00:00', 3.312, NULL, NULL, NULL, NULL, NULL, NULL, NULL, NULL, NULL, NULL, NULL, NULL),
(214, 108, 168, '188/1670/404.1.3.2/2010', '2011-11-29 17:00:00', 2.0283, 1.96333, 1.96333, 0, 1.96333, 0.855472, 0.855472, NULL, NULL, 'V', '-', '-', NULL),
(215, 109, 169, '188/14/404.1.3.2/2011', '2011-01-23 17:00:00', 1.4, 2.7229, 2.7229, 0, 2.7229, 1.0454, 1.0454, NULL, NULL, 'V', '-', '-', '-'),
(216, 109, 169, '188/253/404.1.3.2/2012', '2012-03-11 17:00:00', 1.4, NULL, NULL, NULL, NULL, NULL, NULL, NULL, NULL, NULL, NULL, NULL, NULL),
(217, 110, 170, '591/358/404.6.2/2012', '2012-08-05 17:00:00', 0.1948, 0.1948, 0.1948, 0, 0.1948, 0.096375, 0.096375, NULL, NULL, 'V', '-', '-', '-'),
(218, 111, 171, '188/212/404.1.3.2/2013', '2013-04-04 17:00:00', 3.6058, 3.6058, 3.6058, 0, 3.6058, 1.4846, 1.4846, NULL, NULL, 'V', '-', '-', '-'),
(219, 112, 172, '591/2132/404.6.2/2012', '2012-05-10 17:00:00', 0.7495, 0.7495, 0.7495, 0, 0.7495, 0.299291, 0.299291, NULL, NULL, NULL, NULL, NULL, NULL),
(220, 359, 173, '460.351.0-16', '1993-12-07 17:00:00', 15, 15, 7.5, 1.3077, 6.1923, 0, 0, 0, '31/1/1995 460.351.0-891', 'V', '-', '-', NULL),
(221, 360, 174, '460.351.0-125', '1994-07-11 17:00:00', 11, 9.8901, 9.6, 9.6, 0, 0, 0, 0, '17/7/1995 460.351.0-106', '-', '-', 'V', '-'),
(222, 361, 175, '460.351.0-194', '1995-11-28 17:00:00', 20, 0, 6, 0, 6, 0, 0, 0, '29/11/96 460.135.10-171 NF . 1 . Pr - 96', '-', '-', '-', 'V'),
(223, 362, 176, '460.351.0-46 A', '1995-03-08 17:00:00', 154, 0, 24.1003, 0, 24.1003, 0, 0, 0, NULL, '-', '-', '-', 'V'),
(224, 113, 177, '460.351.0-81', '1996-06-17 17:00:00', 11, 7.37, 9.5, 5.6, 3.9, 2.95, 2.95, 2.03, '18/6/1996 460.351.0-81', 'V', '-', '-', '-'),
(225, 114, 178, '460.351.0-109', '1996-07-28 17:00:00', 47, 28.797, 40.09, 13.8027, 26.2873, 6.9374, 6.9374, 6.9374, '8/7/1997 460.135.10-103.NF.1.Pr-1997', 'V', '-', '-', '-'),
(226, 363, 179, '460.351.0-107', '1994-06-20 17:00:00', 33, 0, 1.1, 0, 1.1, 0, 0, 0, NULL, '-', '-', '-', 'V'),
(227, 364, 180, '460.351.0-143', '1995-09-10 17:00:00', 400, 0, 152.3055, 0, 152.3055, 0, 0, 0, NULL, '-', '-', '-', 'V'),
(228, 364, 180, '460.135.10-105', '1997-09-01 17:00:00', 4.5, 0, 1.9, 0, 1.9, 0, 0, 0, NULL, NULL, NULL, NULL, NULL),
(229, 365, 181, '460.351.0-652', '1995-09-10 17:00:00', 400, 0, 400, 0, 400, 0, 0, 0, NULL, '-', '-', '-', 'V'),
(230, 365, 181, NULL, '1997-09-01 17:00:00', 100, 0, 0, 0, 0, 0, 0, 0, NULL, NULL, NULL, NULL, NULL),
(231, 366, 182, '460.135.10-95 NF . 1 . Pr - 97', '1997-04-21 17:00:00', 3, 0, 1.1, 0.7, 0.4, 0.2042, 0, 0, '5/10/1998 460.135.10-44 NF . 1 . Pr - 98', 'V', '-', '-', '-'),
(232, 367, 183, 'NF . 1 . Pr - 97', '1997-03-16 17:00:00', 102, 0, 6.2638, 0, 6.2638, 0, 0, 0, NULL, '-', '-', '-', 'V'),
(233, 368, 184, '460.135.10-30 NF . 1 . Pr - 97', '1997-03-25 17:00:00', 20, 0, 0, 0, 0, 0, 0, 0, '460.135.10-40 NF . 1 . Pr - 98', '-', '-', '-', 'V'),
(234, 369, 185, '460.351.0-171', '1997-12-19 17:00:00', 15, 0, 13.382, 0, 13.382, 0, 0, 0, NULL, '-', '-', '-', 'V'),
(235, 369, 185, '460.135.10-139', '1994-12-09 17:00:00', NULL, NULL, NULL, NULL, NULL, NULL, NULL, NULL, NULL, NULL, NULL, NULL, NULL),
(236, 370, 186, '460.135.10-170 NF.1.Pr-1997', '1997-12-19 17:00:00', 60, 0, 47.4404, 0, 47.4404, 0, 0, 0, NULL, '-', '-', '-', 'V'),
(237, 370, 186, '460.135.10-171 NF.1.Pr-1997', '1997-12-19 17:00:00', 15, 0, 9.6445, 0, 9.6445, 0, 0, 0, NULL, '-', '-', '-', 'V'),
(238, 115, 187, '460.351.0-42', '1990-07-08 17:00:00', 33, 16.3352, 23, 16.3352, 6.6648, NULL, 0, 0, NULL, '-', 'V', '-', '-'),
(239, 116, 188, '460.135.10-76 NF . 1 . Pr - 98', '1998-08-25 17:00:00', 5, 5.3348, 5.3348, 5.3348, 0, 0, 0, 0, NULL, '-', '-', 'V', '-'),
(240, 117, 189, '188/702/404.05/2000', '2000-08-01 17:00:00', 6.7, 5.5, 5.5, 4.2, 1.3, 2.2, 2.2, 2.2, '14/8/2001 188/464/404.1.1.3/01', 'V', '-', '-', '-'),
(241, 371, 190, '188/75/404.05/2000', '2000-04-09 17:00:00', 17, 0, 0, 0, 0, 0, 0, 0, NULL, '-', '-', '-', 'V'),
(242, 372, 191, '188/958/404.05/2000', '2000-12-20 17:00:00', 25, 0, 0, 0, 0, 0, 0, 0, NULL, '-', '-', '-', 'V'),
(243, 118, 192, '188/43/404.1.1.3/02', '2002-02-03 17:00:00', 8.3148, 7.8772, 7.902, 2, 5.902, 3.3027, 3.3027, 1, '9/1/2003 188/453/404.1.1.3/2003', 'V', '-', '-', '-'),
(244, 373, 193, '188/414/404.1.1.3/2003', '2003-08-03 17:00:00', 25, 0, 0, 0, 0, 0, 0, 0, NULL, '-', '-', '-', 'V'),
(245, 374, 194, '188/413/404.1.1.3/2003', '2003-08-03 17:00:00', 25, 0, 0, 0, 0, 0, 0, 0, NULL, '-', '-', '-', 'V'),
(246, 375, 195, '188/604/404.1.1.3/2004', '2004-09-30 17:00:00', 8, 0, 0, 0, 0, 0, 0, 0, NULL, '-', '-', '-', 'V'),
(247, 376, 196, '188/732/404.1.1.3/2004', '2004-12-27 17:00:00', 7.7, 0, 0, 0, 0, 0, 0, 0, NULL, '-', '-', '-', 'V'),
(248, 377, 197, '188/15/404.1.1.3/2005', '2005-01-19 17:00:00', 7.5, 0, 0, 0, 0, 0, 0, 0, NULL, '-', '-', '-', 'V'),
(249, 119, 198, '188/229/404.1.1,.3/2005', '2005-04-18 17:00:00', 7, 6.8972, 6.8972, 0, 6.8972, 0, 0, 0, NULL, 'V', '-', '-', '-'),
(250, 120, 199, '188/411/404.1.1,.3/2005', '2005-05-17 17:00:00', 15, 6.0183, 6.0183, 3.7, 2.3183, 2.2764, 2.2764, 0, NULL, 'V', '-', '-', '-'),
(251, 121, 200, '591/789/404.3.7/2005 (Rekomendasi Lokasi)', '2005-03-16 17:00:00', 0.6122, 0.6122, 0.6122, 0, 0.6122, 0, 0, 0, NULL, 'V', '-', '-', '-'),
(252, 122, 201, '591/2731/404.3.7/2006 (Rekomendasi Lokasi)', '2006-07-31 17:00:00', 0.8061, 0.8061, 0.8061, 0.7, 0.1061, 0.2759, 0.2759, 0.2759, NULL, 'V', '-', '-', '-'),
(253, 378, 202, '188/1041/404.1.1.2/2008', '2008-06-03 17:00:00', 20, 0, 0, 0, 0, 0, 0, 0, NULL, '-', '-', '-', 'V'),
(254, 123, 203, '188/936/404.1.1.3/2008', '2007-07-09 17:00:00', 15, 22.4044, 22.4044, 0, 22.4044, 0.91067, 0.9107, 0.9107, NULL, 'V', '-', '-', '-'),
(255, 379, 204, '188/1085/404.1.1.3/2008', '2008-06-29 17:00:00', 20, 0, 0, 0, 0, 0, 0, 0, NULL, '-', '-', '-', 'V'),
(256, 124, 205, '188/1011/404.1.1.2/2008', '2008-05-29 17:00:00', 0.1088, 0, 0, 0, 0, 0, 0, 0, NULL, '-', '-', '-', 'V'),
(257, 125, 206, NULL, NULL, 0, 0, 0, 0, 0, 0, 0, 0, NULL, 'V', '-', '-', '-'),
(258, 126, 207, '188/818/404.1.1.3/2005', '2005-10-12 17:00:00', 9, 1.7175, 1.7175, 0, 1.7175, 0.2386, 0.2386, 0.2386, NULL, '-', '-', '-', 'V'),
(259, 127, 208, '188/1286/404.1.3.2/2009', '2009-10-14 17:00:00', 3.9242, 3.9242, 3.9242, 0, 3.9242, 0.5075, 0.5075, 0, NULL, 'V', '-', NULL, NULL),
(260, 127, 208, '188/195/404.1.3.2/2011', '2011-03-15 17:00:00', 6.8135, 5.7406, 5.7406, NULL, 5.7406, 2.176285, 2.176285, NULL, NULL, NULL, NULL, NULL, NULL),
(261, 128, 209, '188/97/404.1.3.2/2013', '2013-03-07 17:00:00', 1.1407, 1.4341, 1.4341, NULL, 1.4341, 0.5351, 0.5351, 0, NULL, NULL, NULL, NULL, NULL),
(262, 128, 209, '591/4802/404.6.2/2011', '2011-11-21 17:00:00', 0.243, NULL, NULL, NULL, NULL, NULL, NULL, NULL, NULL, NULL, NULL, NULL, NULL),
(263, 129, 210, '591/3049/404.6.2/2012', '2012-07-03 17:00:00', 0.507, 0.507, 0.507, NULL, 0.507, 0.2055, 0.2055, NULL, NULL, NULL, NULL, NULL, NULL),
(264, 130, 211, '188/758/404.1.3.2/2012', '2012-12-26 17:00:00', 3.0504, 3.0515, 3.0515, NULL, 3.0515, 1.1693, 1.1693, NULL, NULL, NULL, NULL, NULL, NULL),
(265, 131, 212, '460.351.0-176', '1994-09-12 17:00:00', 10, 9.6605, 5.9125, 4.7, 1.2125, 0.338, 0, 7.5, '12/5/1997 460.135.10-156', '-', '-', 'V', '-'),
(266, 380, 213, '460.351.0-17', '1994-01-20 17:00:00', 12, 12, 12, 12, 0, 0, 0, 0, NULL, '-', '-', 'V', '-'),
(267, 132, 214, '460.351.0-07', '1995-03-13 17:00:00', 25, 21.55, 18.9089, 16, 2.9089, 1.35, 1.35, 1.35, NULL, '-', 'V', '-', '-'),
(268, 133, 215, '460.351.0-119', '1995-08-10 17:00:00', 10, 7.5079, 8.2684, 8.2684, 0, 1.3, 1.3, 1.3, '17/7/1996 460.135.10-4064 NF . 1 . Pr - 96', '-', '-', 'V', '-'),
(269, 133, 215, NULL, NULL, NULL, NULL, NULL, NULL, NULL, NULL, NULL, NULL, '10/7/2000 460.135.10-1690', NULL, NULL, NULL, NULL),
(270, 381, 216, '460.351.0-176', '1995-03-07 17:00:00', 70, 0, 3.1455, 0, 3.1455, 0, 0, 0, '6/5/1997 460.135.10-58 NF . 1 . Pr - 97', '-', '-', '-', 'V'),
(271, 134, 217, '460.351.0-160', '1995-10-10 17:00:00', 43, 12.291, 16.3, 16.3, 0, 1.22, 1.22, 1.22, NULL, '-', '-', 'V', '-'),
(272, 135, 218, '460.351.0-4.447', '1996-06-30 17:00:00', 35, 35, 35, 30.7, 4.3, 14.02, 6.093, 6.093, NULL, 'V', '-', '-', '-'),
(273, 135, 218, '188/481/404.1.1.3/02', '2002-08-08 17:00:00', 5, 0, 0, 0, 0, 0, 0, 0, NULL, 'V', '-', '-', '-'),
(274, 136, 219, '460.351.0-129', '1994-07-16 17:00:00', 15, 11.6002, 11.6002, 11.6002, 0, 1.6231, 1.8231, 1.6231, '29/1/1996 460.351.0-17', '-', '-', 'V', '-'),
(275, 137, 220, '460.351.0-173 NF . 1 . Pr - 96', '1996-12-01 17:00:00', 20, 16.3794, 17.0815, 4, 13.0815, 0.653, 0, 0, '26/1/1997 460.135.10-03', '-', 'V', '-', '-'),
(276, 137, 220, '460.135.10-128 NF . 1 . Pr - 97', '1997-09-29 17:00:00', 20, 0, NULL, 0, 0, 0, 0, 0, '9/5/2000 460.351.0-2625', NULL, NULL, NULL, NULL),
(277, 137, 220, '188/54/404.05/2000', '2000-03-03 17:00:00', 5, 0, 2.12, 0, 2.12, 0, 0, 0, '1/8/2003 460.35.10-046', NULL, NULL, NULL, NULL),
(278, 138, 221, '460.351.10-182 NF . 1 . Pr - 96', '1996-12-15 17:00:00', 6.8, 6.785, 6.77, 0, 6.77, 0.3527, 0, 0, '460.135.10-30 NF . 1 . Pr - 98', '-', '-', '-', 'V'),
(279, 382, 222, '460.135.10-41NF . 1 . Pr - 96', '1996-08-28 17:00:00', 20, 20, 12.8, 5, 7.8, 8, 5, 2, NULL, '-', 'V', '-', '-'),
(280, 139, 223, '460.135.10-141 NF . 1 . Pr - 97', '1997-10-29 17:00:00', 15, 7.3664, 7.3664, 4.5, 2.8664, 3.2658, 3.2658, 3.2658, '4/5/2000 188/307/404.05/2000', 'V', '-', '-', '-'),
(281, 140, 224, NULL, NULL, NULL, 0.8833, 0.8833, NULL, 0.8833, 0.3438, 0.3438, NULL, '27/4/2000 188/367/404.05/2000', NULL, NULL, NULL, NULL),
(282, 383, 225, '181.1/151/15.827/014/93', '1993-08-20 17:00:00', 100, 8.1557, 62.8283, 6, 56.8283, 0, 0, 0, '24/4/2000 188/365/404.05/2000', '-', 'V', '-', '-'),
(283, 141, 226, '460.135.10-133 NF . 1 . Pr - 97', '1997-10-17 17:00:00', 9.3, 8.4, 8.6915, 8.32, 0.371499999999999, 0.639, 0, 0, NULL, '-', '-', 'V', '-'),
(284, 141, 226, '460.135.10-2 NF.1.Pr-99', '1999-01-13 17:00:00', 5, 0, 2.5, 2, 0.5, 0, 0, 0, NULL, NULL, NULL, NULL, NULL),
(285, 142, 227, '188/126/404.05/2001', '2001-03-20 17:00:00', 14, 14.4019, 14.4019, 14.4019, 0, 5.6844, 5.6844, 5.6844, '16/7/2002 188/439/404.1.1.3/02', 'V', '-', '-', '-'),
(286, 143, 228, '188/80/404.1.1.3/2004', '2004-02-15 17:00:00', 12.3, 12.3, 12.3, 3, 9.3, 4.8, 4.8, 4.8, NULL, NULL, NULL, NULL, NULL),
(287, 144, 229, '188/554/404.1.1.3/02', '2002-09-04 17:00:00', 4.5, 4.5, 3.8, 2, 1.8, 0, 0, 0, '16/9/2003 188/471/404.1.1.3/2003', '-', '-', 'V', '-'),
(288, 145, 230, '460.135.10-114 NF . 1 . Pr - 97', '1997-09-08 17:00:00', 21, 16.9615, 21, 3.5, 17.5, 0.3366, 0.3366, 0.1683, '14/10/1996 460.135.10-149 NF . 1 . Pr - 96', '-', '-', 'V', '-'),
(289, 145, 230, '188/551/404.05/2000', '2000-06-28 17:00:00', 10, NULL, NULL, NULL, NULL, NULL, NULL, NULL, NULL, NULL, NULL, NULL, NULL),
(290, 146, 231, '188/551/404.05/2000', '2000-06-28 17:00:00', 10, 0, 0, 0, 0, 0, 0, 0, NULL, '-', 'V', '-', '-'),
(291, 147, 232, '460.135.10-22 NF . 1 . Pr - 99', '1999-05-10 17:00:00', 6.4715, 6.4715, 6.4715, 6, 0.4715, 0, 0, 0, 'Revisi ke-I 7/1/1999 460.135.10-2286 NF . 1 . Pr - 99', '-', 'V', '-', '-'),
(292, 148, 233, '188/2/404.05/2001', '2001-12-17 17:00:00', 8.8, 8.8, 8.8, 8.8, 0, 0, 0, 0, 'SEBAGIAN EKS IJIN LOKASI PT. CITRA GRAHA MEGAH ASRI', '-', '-', 'V', '-'),
(293, 149, 234, '188/927/404.05/2000', '2000-11-05 17:00:00', 8, 4.29, 4.29, 2.31, 1.98, 0, 0, 0, NULL, '-', 'V', '-', '-'),
(294, 149, 234, '188/705/404.1.1.3/02', '2002-12-01 17:00:00', NULL, NULL, NULL, NULL, NULL, NULL, NULL, NULL, NULL, NULL, NULL, NULL, NULL),
(295, 150, 235, '188/598/404.1.1.3/2005', '2005-07-06 17:00:00', 8, 7.1, 7.1, 1.6, 5.5, 2.8193, 2.8193, 2.8193, NULL, 'V', '-', '-', '-'),
(296, 151, 236, '188/216/404.1.1.3/02', '2002-04-09 17:00:00', 12, 12, 12, 10, 2, 4.946, 4.946, 0, NULL, 'V', '-', '-', '-'),
(297, 384, 237, '188/603/404.1.1.3/01', '2001-10-15 17:00:00', 22, 0, 17, 0, 17, 0, 0, 0, '19/9/2002 188/574/404.1.1.3/2002', '-', '-', '-', 'V'),
(298, 385, 238, '188/466/404.1.1.3/01', '2001-08-13 17:00:00', 16, 0, 0, 0, 0, 0, 0, 0, NULL, '-', '-', '-', 'V'),
(299, 386, 239, '188/449/404.1.1.3/01', '2001-07-31 17:00:00', 6.5, 0, 0, 0, 0, 0, 0, 0, 'EKS IJIN LOKASI PT. KOHIR PRIBADI', '-', '-', '-', 'V'),
(300, 152, 240, '188/465/404.1.1.3/01', '2001-08-13 17:00:00', 25, 9.4958, 9.4958, 1, 8.4958, 0, 0, 0, '18/6/2003 188/328/404.1.1.3/2003', 'V', '-', '-', '-'),
(301, 153, 241, '188/376/404.1.1.3/2003', '2003-07-15 17:00:00', 9.5, 6.099, 6.884, 3.5838, 3.3002, 2.7535, 2.7535, 2.7535, NULL, 'V', '-', '-', '-'),
(302, 154, 242, '460.135.0-151', '1995-10-02 17:00:00', 17, 9.8307, 9.8307, 0, 9.8307, 0, 0, 0, NULL, '-', 'V', '-', '-'),
(303, 155, 243, '188/217/404.1.1.3/2004', '2004-03-18 17:00:00', NULL, NULL, NULL, NULL, NULL, NULL, NULL, NULL, NULL, NULL, NULL, NULL, NULL),
(304, 155, 243, '460.35.10-6164', '2004-10-25 17:00:00', 16.8572, 16.8572, 16.8572, 2.8414, 14.0158, 6.3889, 6.3889, 6.3389, NULL, 'V', '-', '-', '-'),
(305, 156, 244, '188/603/404.1.1.3/2003', '2003-12-14 17:00:00', 12, 10.3073, 10.3073, 0, 10.3073, 0, 0, 0, NULL, 'V', '-', '-', '-'),
(306, 157, 245, '188/26/404.1.1.3/2005', '2005-01-24 17:00:00', 5, 3.63, 3.63, 1.508, 2.122, 1.4955, 1.4955, 1.4955, NULL, 'V', '-', '-', '-'),
(307, 157, 245, '188/302/404.1.3.2/2011', '2011-03-29 17:00:00', 2.5, NULL, NULL, NULL, NULL, NULL, NULL, NULL, NULL, NULL, NULL, NULL, NULL),
(308, 158, 246, NULL, NULL, NULL, NULL, NULL, NULL, NULL, NULL, NULL, NULL, NULL, NULL, NULL, NULL, NULL),
(309, 159, 247, NULL, NULL, NULL, 1.6955, 1.6955, NULL, 1.6955, 0.5745, 0.5745, NULL, NULL, NULL, NULL, NULL, NULL),
(310, 387, 248, '188/437/404.1.1.3/2004', '2004-06-27 17:00:00', 25, 0, 0, 0, 0, 0, 0, 0, NULL, 'V', '-', '-', '-'),
(311, 388, 249, '188/106/404.1.1.3/2005', '2005-03-13 17:00:00', 4.36, 0, 0, 0, 0, 0, 0, 0, NULL, '-', '-', '-', 'V'),
(312, 160, 250, '188/89/404.1.1.3/2005', '2005-03-02 17:00:00', 10, 9.5913, 9.5913, 2, 7.5913, 3.65, 0, 0.44, NULL, 'V', '-', '-', '-'),
(313, 161, 251, '188/292/404.1.1.3/2005', '2005-05-01 17:00:00', 11, 0, 0, 0, 0, 0, 0, 0, NULL, '-', '-', '-', 'V'),
(314, 162, 252, '460.135.10-8 NF.1.Pr2004', '2004-12-01 17:00:00', 25, 15.5199, 15.5199, 15.5199, 0, 6.1, 6.1, 6.1, '6/22/2004 188/436/404.1.1.3/2004', 'V', '-', '-', '-'),
(315, 163, 253, '188/38/404.1.1.3/2006', '2006-02-13 17:00:00', 11, 2.9217, 2.9217, 1.3, 1.6217, 0, 0, 0, NULL, 'V', '-', '-', '-'),
(316, 164, 254, '188/077/404.1.1.3/2006', '2006-06-12 17:00:00', 10, 7.1326, 7.1326, 2.1729, 4.9597, 2.7197, 2.7197, 2.7197, NULL, 'V', '-', '-', '-'),
(317, 165, 255, '188/403/404.1.1.3/2006', '2006-04-27 17:00:00', 21, 7.2786, 7.2786, 0, 7.2786, 4.44629, 4.44629, 4.44629, NULL, 'V', '-', '-', '-'),
(318, 165, 255, '188/1464/404.132/2010', '2010-08-19 17:00:00', 14, 4.0646, 4.0646, 0, 4.0646, NULL, NULL, NULL, NULL, NULL, NULL, NULL, NULL),
(319, 166, 256, '188/1162/404.1.1.2/2008', '2008-07-28 17:00:00', 17.5, 0, 0, 0, 0, 0, 0, 0, NULL, 'V', '-', '-', '-'),
(320, 167, 257, '188/52/404.1.3.2/2010', '2010-02-07 17:00:00', 15, 5.3006, 5.3018, 0, 5.3018, 2.0146, 2.0146, 2.0146, NULL, 'V', '-', '-', '-'),
(321, 167, 257, '188/426/404.1.3.2/2012', '2012-04-02 17:00:00', 37.5, NULL, NULL, NULL, NULL, NULL, NULL, NULL, NULL, NULL, NULL, NULL, NULL),
(322, 167, 257, '188/868/404.1.3.2/2012', '2012-10-23 17:00:00', 5.6, NULL, NULL, NULL, NULL, NULL, NULL, NULL, NULL, NULL, NULL, NULL, NULL),
(323, 168, 258, NULL, NULL, NULL, 2.8078005, 2.8078005, NULL, 2.8078005, 1.067246, 1.067246, 1.067246, NULL, NULL, NULL, NULL, NULL),
(324, 169, 259, '188/465/404.1.1.3/2001', '2001-08-13 17:00:00', 5.884, 5.5687, 5.884, 0, 5.5687, 0.415, 0.415, 0, NULL, 'V', NULL, NULL, NULL),
(325, 169, 259, '188/328/404.1.1.3/2003 an. PT. Aneka Cipta Mulia Indah', '2003-06-17 17:00:00', NULL, NULL, NULL, NULL, NULL, NULL, NULL, NULL, NULL, NULL, NULL, NULL, NULL),
(326, 169, 259, '228/9-35.15/VI/2010', '2010-06-09 17:00:00', NULL, NULL, NULL, NULL, NULL, NULL, NULL, NULL, NULL, NULL, NULL, NULL, NULL),
(327, 170, 260, '591/3584/404.6.2/2012', '2012-08-05 17:00:00', 0.96, 0.96, 0.96, 0, 0.96, 0.41174, 0.41174, 0.41174, NULL, 'V', '-', '-', '-'),
(328, 171, 261, '188/986/404.1.3.2/2012', '2012-12-05 17:00:00', 5, 2.7506, 2.7506, NULL, 2.7506, 1.0458, 1.0458, 1.0458, NULL, 'V', '-', '-', '-'),
(329, 172, 262, '188/986/404.1.3.2/2012', '2012-12-05 17:00:00', 5, 2.421413, 2.421413, NULL, 2.421413, 1.826067, 1.826067, 1.826067, NULL, NULL, NULL, NULL, NULL),
(330, 389, 263, '460.351.0-94', '1994-05-31 17:00:00', 20, 0, 13.1334, 0, 13.1334, 0, 0, 0, '25/7/1994 460.351.0-107', '-', '-', '-', 'V'),
(331, 390, 264, '460.351.0-2681', '1996-07-02 17:00:00', 3, 0, NULL, 0, 0, 0, 0, 0, NULL, '-', '-', '-', 'V'),
(332, 391, 265, '460.351.0-70', '1996-06-05 17:00:00', 100, NULL, 34.6263, 0, 34.6263, 0, 0, 0, '23/6/1997 460.135.10-77 NF . 1 . Pr - 97', '-', '-', '-', 'V'),
(333, 392, 266, '460.351.0-75', '1996-06-06 17:00:00', 465, NULL, 117.995, 0, 117.995, 0, 0, 0, '7/11/1997 460.135.10-92 NF . 1 . Pr - 97', '-', '-', '-', 'V'),
(334, 393, 267, '460.351.0-76', '1996-06-06 17:00:00', 364, NULL, 183.0103, 0, 183.0103, 0, 0, 0, '7/11/1997 460.135.10-91 NF . 1 . Pr - 97', '-', '-', '-', 'V'),
(335, 393, 267, '460.135.10-81 NF.1.Pr-97', '1997-06-25 17:00:00', 10, 0, 6, 0, 6, 0, 0, 0, NULL, NULL, NULL, NULL, NULL),
(336, 394, 268, '460.135.10-105 NF.1.Pr-97', '1997-06-13 17:00:00', 4.5, 0, 1.9, 0, 1.9, 0, 0, 0, NULL, '-', '-', '-', 'V'),
(337, 173, 269, '460.351.0-69', '1994-04-05 17:00:00', 500, 250, 200, 23, 177, 10.6552, 10.6552, 10.6552, '5/1/1995 460.351.0-68', 'V', '-', '-', '-'),
(338, 174, 270, '460.351.0-69', '1995-04-30 17:00:00', 36.349, 8.2976, 8.2976, 0, 8.2976, 0, 0, 0, NULL, 'V', '-', '-', '-'),
(339, 395, 271, '188/604/404.05/99', '1999-12-30 17:00:00', 10, 0, 0, 0, 0, 0, 0, 0, NULL, '-', '-', '-', 'V'),
(340, 175, 272, '188/701/404.05/2000 KLARIFIKASI TANAH 18/2/2004', '2000-08-01 17:00:00', 14.2, 14.2, 14.2, 12, 2.2, 5.0878, 5.0878, 4.321, '12/9/2001 118/528/404.1.1.3/01', 'V', '-', '-', '-'),
(341, 176, 273, '188/918/404.05/2000', '2000-10-25 17:00:00', 20, 29.6174, 29.8174, 27.0752, 2.7422, 2.067, 1.9, 1.9, '23/11/2001 460.35.10-2310 (DISPENSASI)', 'V', '-', '-', '-'),
(342, 176, 273, '188/446/404.1.1.3/01', '2001-07-31 17:00:00', 7.35, NULL, NULL, NULL, NULL, NULL, NULL, NULL, NULL, NULL, NULL, NULL, NULL),
(343, 176, 273, '460.35.10-2310', '2001-11-22 17:00:00', 17.3748, NULL, NULL, NULL, NULL, NULL, NULL, NULL, NULL, NULL, NULL, NULL, NULL),
(344, 176, 273, '591/443/404.3.5/2004', '2004-02-23 17:00:00', 7, NULL, NULL, NULL, NULL, NULL, NULL, NULL, NULL, NULL, NULL, NULL, NULL),
(345, 176, 273, '188/1673/404.1.3.2/2010', '2010-11-29 17:00:00', 10.6, 4.4701, NULL, 0.2, 4.2701, 2.8579, 0.9426, NULL, NULL, NULL, NULL, NULL, NULL),
(346, 177, 274, '188/946/404.05/2000', '2000-11-29 17:00:00', 10, 5.4734, 5.4635, 5.039, 0.4245, 2.1894, 2.1894, 2.1894, '188/727/404.1.1.3/2001', '-', '-', 'V', '-'),
(347, 396, 275, '188/289/404.05/2001', '2001-04-24 17:00:00', 10, 0, 0, 0, 0, 0, 0, 0, NULL, '-', '-', '-', 'V'),
(348, 173, 276, '188/365/404.05/2001', '2001-06-05 17:00:00', 5, 4.8649, 4.8649, 0, 4.8649, 0, 0, 0, NULL, 'V', '-', '-', '-'),
(349, 178, 277, '188/21/404.1.1.3/2005', '2005-01-19 17:00:00', 12, 11.3238, 11.3238, 0, 11.3238, 4.354921, 4.354921, 0, NULL, 'V', '-', '-', '-'),
(350, 179, 278, '188/417/404.05/2005', '2005-05-18 17:00:00', 10, 5.6075, 5.6075, 2.2299, 3.3776, 2.132, 0, 0, NULL, 'V', '-', '-', '-'),
(351, 180, 279, '460,351,0-71 (BPN)', '1994-04-05 17:00:00', 25, NULL, NULL, NULL, NULL, NULL, NULL, NULL, NULL, NULL, NULL, NULL, NULL),
(352, 181, 280, '591/2741/404.6.2/2011', '2011-07-05 17:00:00', 0.875, 0.9508, 0.9508, NULL, NULL, 0.4418, 0.4418, 0.4418, NULL, 'V', '-', '-', '-'),
(353, 182, 281, '188/26/404.1.3.2/2010', '2010-02-01 17:00:00', 33, 6.119, 6.119, 0, 6.119, 0.24387, 0.24387, 0.24387, NULL, 'V', NULL, NULL, NULL),
(354, 183, 282, '188/7/404.1.1.3/2007', '2007-01-10 17:00:00', 18, 7.2097, 7.2097, 0, 7.2097, 2.743045, 2.743045, NULL, '23/1/2008 188/10/404.1.1.2/2008', 'V', NULL, NULL, NULL),
(355, 397, 283, '460.351.0-103', '1994-06-13 17:00:00', 3.4, 0, 3.3762, 3.2952, 0.081, 0, 0, 0, NULL, '-', '-', 'V', '-'),
(356, 184, 284, '460.351.0-47', '1994-01-02 17:00:00', 19, 0, 16.8981, 1.9, 14.9981, 0, 0, 0, '25/7/1995 460.351.0-107', '-', 'V', '-', '-'),
(357, 398, 285, '460.351.0-71', '1994-04-05 17:00:00', 14.4506, 0, 14.4506, 0, 14.4506, 0, 0, 0, NULL, '-', '-', '-', 'V'),
(358, 185, 286, '460.351.0-89 A', '1995-06-12 17:00:00', 39, 25, 25, 10.7, 14.3, 9.7, 8, 4, ' 7/6/1996 460.351.0-74', 'V', '-', '-', '-'),
(359, 185, 286, NULL, NULL, NULL, NULL, NULL, NULL, NULL, NULL, NULL, NULL, '19/5/2000 460.35.10-1141', NULL, NULL, NULL, NULL),
(360, 186, 287, '460.351.0-186', '1995-11-26 17:00:00', 15, 2.3037, 2.3037, 0, 2.3037, 0, 0, 0, '28/11/1996 460.135.10-169 NF . 1 . Pr - 1996', 'V', '-', '-', '-'),
(361, 187, 288, '460.351.0-7771', '1995-10-15 17:00:00', 10, 10, 5.2035, 2.5, 2.7035, 0.3, 1.5, 0.75, NULL, '-', '-', 'V', '-'),
(362, 399, 289, '460.351.0-35', '1996-02-28 17:00:00', 30, 30, 14.9267, 0, 14.9267, 0, 0, 0, '5/6/1997 460.135.10-57 NF . 1 . Pr - 97', '-', '-', '-', 'V');
INSERT INTO `ijin` (`id_ijin`, `id_perumahan`, `id_kombinasi`, `lokasi_no`, `lokasi_tgl`, `luas`, `rencana_tapak`, `pembebasan`, `terbangun`, `belum_terbangun`, `fs_dialokasikan`, `fs_pembebasan`, `fs_sudah_dimatangkan`, `catatan`, `aktif_dlm_pembangunan`, `aktif_berhenti`, `aktif_sdh_selesai`, `tidak_aktif`) VALUES
(363, 188, 290, '401.115-I-NIL-93', '1993-07-13 17:00:00', 11.9113, 11.9113, 11.9113, 11.9113, 0, 0.5681, 0.5681, 0.5681, NULL, 'V', '-', '-', '-'),
(364, 188, 290, '401.115-I-NIL-93', '1993-07-13 17:00:00', 24.1168, 24.1, 24.1168, 24.1168, 0, 1.2334, 1.2334, 1.2334, NULL, NULL, NULL, NULL, NULL),
(365, 188, 290, '406.351.0-32', '1998-02-22 17:00:00', 10, 10, 7, 7, 0, 0.3549, 0.3549, 0.3549, NULL, NULL, NULL, NULL, NULL),
(366, 188, 290, '460.135.10-07-NF.1.Pr-1999', NULL, 1.3449, 1.3449, 1.3449, 1.3449, 0, 0.2003, 0.2003, 0.2003, NULL, NULL, NULL, NULL, NULL),
(367, 188, 290, '460.135.10-41NF.1.Pr-1998', NULL, 10, 10, 10, 10, 0, 0.4352, 0.4352, 0.4352, NULL, NULL, NULL, NULL, NULL),
(368, 188, 290, '460.135.10-11NF.1.Pr-2004', NULL, 3.05, 2.243, 2.243, 2.243, 0, 0.852, 0.852, 0.852, NULL, NULL, NULL, NULL, NULL),
(369, 188, 290, 'Dalam Proses', NULL, 0.503, 0.503, 0.503, 0.503, 0, 0.0712, 0.0712, 0.0712, NULL, NULL, NULL, NULL, NULL),
(370, 400, 291, '460.351.0-193', '1996-11-28 17:00:00', 135, 0, 68.6755, 0, 68.6755, 0, 0, 0, '28/7/1998 460.135.10-4203 NF . 1 . Pr - 1997', '-', '-', '-', 'V'),
(371, 401, 292, '460.351.0-141', '1996-09-26 17:00:00', 80, 240, 240, 18, 222, 0, 0, 0, NULL, '-', '-', '-', 'V'),
(372, 189, 293, '460.351.0-141', '1995-09-10 17:00:00', 15, 13.495, 13.65, 5.8177, 7.8323, 1.4756, 0, 0, '10/4/1996 460.351.10-69', 'V', '-', '-', '-'),
(373, 402, 294, '460.351.0-69', '1996-05-30 17:00:00', 30, 0, 0, 0, 0, 0, 0, 0, '31/5/1996 460.351.0-89', '-', '-', '-', 'V'),
(374, 190, 295, '460.351.0-01', '1994-01-02 17:00:00', 15, 0, 2.06, 1.5, 0.56, 0, 0, 0, NULL, '-', 'V', '-', '-'),
(375, 190, 295, '460.351.0-69', '1996-05-30 17:00:00', 30, 15, 4.5, 3, 1.5, 0, 0, 0, '1/5/1995 460.351.0-07', NULL, NULL, NULL, NULL),
(376, 403, 296, '460.351.0-52', '1994-03-07 17:00:00', 14.7, 0, 12.4379, 1.47, 10.9679, 0, 0, 0, NULL, 'V', '-', '-', '-'),
(377, 404, 297, 'NF . 1 . Pr - 98', '1998-07-12 17:00:00', 1.032, 0, 1.0328, 0, 1.0328, 0, 0, 0, NULL, '-', '-', '-', 'V'),
(378, 191, 298, '460.135.10-177NF . 1 . Pr - 96', '1996-12-09 17:00:00', 10.385, 10.385, 7.364, 2.6722, 4.6918, 4.658, 0.538, 0, '4/1/1998 460.135.10-27 NF . 1 . Pr - 1998', '-', 'V', '-', '-'),
(379, 192, 299, '460.135.10-03 NF . 1 . Pr - 97', '1997-04-13 17:00:00', 26, 7.5, 4.6122, 1.5, 3.1122, 0.118, 0, 0, '20/11/2000 460.35.10-3429', '-', 'V', '-', '-'),
(380, 193, 300, '460.135.10-47 NF . 1 . Pr - 97', '1997-04-21 17:00:00', 125, 25.77, 25.77, 25.77, 0, 10.2, 0, 10.2, '20/5/1998 460.135.10-11 NF . 1 . Pr - 98', 'V', '-', '-', '-'),
(381, 193, 300, '188/157/404.1.3.2/2009', '2009-09-18 17:00:00', NULL, NULL, NULL, NULL, NULL, NULL, NULL, NULL, NULL, NULL, NULL, NULL, NULL),
(382, 193, 300, '460.135.10-13 NF . 1 . Pr - 99', '1999-02-21 17:00:00', 5.45, 6.7915, 6.7915, 6.7915, 0, 3.03, 0, 3.03, NULL, 'V', '-', '-', '-'),
(383, 193, 300, '460.135.10-61 NF . 1 . Pr - 2005', '2005-06-12 17:00:00', 1.62, NULL, NULL, NULL, NULL, NULL, NULL, NULL, NULL, NULL, NULL, NULL, NULL),
(384, 193, 300, '460.135.10-46 NF . 1 . Pr - 97', '1997-04-21 17:00:00', 68, 3.57, 3.57, 0, 3.57, 1.47, 0, 0, '22/5/1998 460.135.10-48 NF . 1 . Pr - 98', 'V', '-', '-', '-'),
(385, 194, 301, '460.135.10-40 NF . 1 . Pr - 97', '1997-04-10 17:00:00', 10, 2.714, 2.714, 0, 2.714, 1.619, 0, 0, '6/10/1998 460.135.10-3382 NF . 1 . Pr - 98', 'V', '-', '-', '-'),
(386, 194, 301, NULL, NULL, NULL, NULL, NULL, NULL, NULL, NULL, NULL, NULL, ' 9/12/1999 188/554/404.05/99', NULL, NULL, NULL, NULL),
(387, 405, 302, '460.135.10-150 NF . 1 . Pr - 97', '1997-11-25 17:00:00', 3, 0, 0, 0, 0, 0, 0, 0, NULL, '-', '-', '-', 'V'),
(388, 195, 303, '460.135.10-123 NF . 1 . Pr - 98', '1998-03-22 17:00:00', 20, 5.724, 5.8617, 3.26, 2.6017, 0.2159, 0.2159, 0.2159, '18/5/1999 460.135.10-23 NF.1.Pr-1999', 'V', '-', '-', '-'),
(389, 406, 304, '460.135.10-51 NF . 1 . Pr - 98', '1998-06-02 17:00:00', 65, 0, 0, 0, 0, 0, 0, 0, NULL, '-', '-', '-', 'V'),
(390, 407, 305, '188/535/404.05/2000', '2000-06-16 17:00:00', 6.5, 0, 0, 0, 0, 0, 0, 0, NULL, '-', '-', '-', 'V'),
(391, 408, 306, NULL, NULL, 0, 2.491, 0, 0, 0, 0, 0, 0, NULL, '-', '-', '-', 'V'),
(392, 409, 307, '460.35.10-417', '2000-02-14 17:00:00', 0.8368, 0, 0, 0, 0, 0, 0, 0, NULL, '-', '-', '-', 'V'),
(393, 196, 308, '188/286/404.05/2000', '2000-04-13 17:00:00', 8, 7.3868, 2.7144, 0, 2.7144, NULL, NULL, NULL, '19/4/2001 188/257/404.05/2001', '-', 'V', '-', '-'),
(394, 196, 308, NULL, NULL, NULL, NULL, 4.6725, 3.7136, 0.9589, 0.3356, 0.3356, 0.3356, NULL, NULL, NULL, NULL, NULL),
(395, 410, 309, '188/601/404.1.1.3/01', '2001-10-15 17:00:00', 11.1, 0, 0, 0, 0, 0, 0, 0, NULL, '-', '-', '-', 'V'),
(396, 197, 310, '188/502/404.1.1.3/2003', '2003-10-05 17:00:00', 4.9786, 4.9786, 4.9786, 1, 3.9786, 0, 0, 0, NULL, 'V', '-', '-', '-'),
(397, 411, 311, '188/117/404.1.1.3/2005', '2005-03-16 17:00:00', 10, 0, 0, 0, 0, 0, 0, 0, NULL, '-', '-', '-', 'V'),
(398, 198, 312, '188/685/404.1.1.3/2005', '2005-11-07 17:00:00', 9, 8.9298, 8.9298, 2, 6.9298, 3.4336, 3.4336, 3.4336, NULL, 'V', '-', '-', '-'),
(399, 186, 313, '460.351.0-188', '1995-11-26 17:00:00', 15, 2.3037, 2.7593, 0.6151, 1.6886, 1.1704, 1.271, 0, NULL, 'V', '-', '-', '-'),
(400, 199, 314, '591/6058/404.6.2/2012', '2013-12-27 17:00:00', 0.4556, 0.4556, NULL, NULL, 0.4556, 0.1006, NULL, NULL, NULL, NULL, NULL, NULL, NULL),
(401, 200, 315, '188/967/404.1.1.3/2006', '2006-10-30 17:00:00', 32.5, 31.6131, 31.6131, 0, 31.6131, 0, 0, 0, 'Revisi siteplan th2012', 'V', '-', '-', '-'),
(402, 412, 316, '188/1349/404.1.1.2/2008', '2008-11-24 17:00:00', 2.55, 0, 0, 0, 0, 0, 0, 0, NULL, 'V', '-', '-', '-'),
(403, 201, 317, '188/1366/404,1,3,2/2010', '2010-07-01 17:00:00', 1.683, 1.683, 1.683, 0, 1.683, 0.6688, 6.688, 0, NULL, 'V', '-', '-', '-'),
(404, 202, 318, '188/1365/404,1,3,2/2010', '2010-07-01 17:00:00', 1.4258, 1.4258, 1.4258, 0, 1.4258, 0.5704, 5.704, 0, NULL, 'V', '-', '-', '-'),
(405, 203, 319, '591/4122/404.6.2/2010', '2010-10-24 17:00:00', 0.5371, 0.5371, 0.5371, 0, 0.5371, 0.2138, 0.2138, 0, NULL, 'V', '-', '-', '-'),
(406, 204, 320, '188/233/404.1.3.2/2010', '2010-03-16 17:00:00', 10, 3.4536, 3.498, 0.108, 3.3456, 1.5658, 1.5658, 0, NULL, 'V', '-', '-', '-'),
(407, 205, 321, '188/1177/404.1.3.2/2009', '2009-09-13 17:00:00', 11, NULL, NULL, NULL, NULL, NULL, NULL, NULL, NULL, NULL, NULL, NULL, NULL),
(408, 205, 321, '188/862/404.1.3.2/2011', '2011-11-14 17:00:00', 22.808, 22.808, 22.808, 0, 22.808, 0.9441, 0.9441, 0.9441, NULL, NULL, NULL, NULL, NULL),
(409, 206, 322, '188/771/404.1.3.2/2011', '2011-09-11 17:00:00', 3.5, 0.5532, 0.5532, NULL, 0.5532, 0.2116, 0.2116, 0.2116, NULL, NULL, NULL, NULL, NULL),
(410, 207, 323, '188/727/404.1.1.3/2005', '2005-08-23 17:00:00', 16, 12.2221, 12.2221, NULL, 12.2221, 4.6707, NULL, NULL, NULL, NULL, NULL, NULL, NULL),
(411, 413, 324, '460.351.0-97', '1994-06-05 17:00:00', 23.097, 23, 23.097, 14.5, 8.597, 0, 2.4232, 0.9693, '15/8/1995 460.351.0-124', 'V', '-', '-', '-'),
(412, 414, 325, '460.351.0-47', '1996-05-10 17:00:00', 21, 11, 6, 5, 1, 1.1131, 0, 0, '21/1/1996 460.351.0-59', 'V', '-', '-', '-'),
(413, 208, 326, '460.135.10-158 NF . 1 . Pr - 96', '1996-11-05 17:00:00', 13, 0, 13, 0, 13, 0, 0, 0, NULL, 'V', '-', '-', '-'),
(414, 209, 327, '460.135.10-39 NF . 1 . Pr - 97', '1997-04-10 17:00:00', 20, 20.74, 29, 12, 4.46, 0.49, 0.49, 0.49, NULL, 'V', '-', '-', '-'),
(415, 209, 327, '460.135.10-176 NF . 1 . Pr - 97', '1997-12-26 17:00:00', 7.5, NULL, NULL, NULL, NULL, NULL, NULL, NULL, NULL, NULL, NULL, NULL, NULL),
(416, 210, 328, '460.135.10-25 NF . 1 . Pr - 97', '1997-03-17 17:00:00', 10, 11.76, 12.0677, 5.479, 6.5887, 4.8923, 4.8923, 4.8923, '5/1/2001 460.35.10-1178', 'V', '-', '-', '-'),
(417, 210, 328, NULL, NULL, 3, NULL, NULL, NULL, NULL, NULL, NULL, NULL, NULL, NULL, NULL, NULL, NULL),
(418, 415, 329, '460.135.10-27 NF . 1 . Pr - 97', '1997-03-21 17:00:00', 25, 0, 6.5139, 0, 6.5139, 0, 0, 0, '6/4/1998 460.135.10-31 NF . 1 . Pr - 98', '-', '-', '-', 'V'),
(419, 416, 330, '460.135.10-71 NF . 1 . Pr - 97', '1997-06-08 17:00:00', 4, 4, 0, 0, 0, 0, 0, 0, NULL, '-', '-', '-', 'V'),
(420, 416, 330, '188/467/404.1.1.3/01', '2001-08-13 17:00:00', 5, 0, 0, 0, 0, 0, 0, 0, NULL, NULL, NULL, NULL, NULL),
(421, 417, 331, '460.351.0-05', '1996-01-02 17:00:00', 10, 0, 0, 0, 0, 0, 0, 0, NULL, '-', '-', '-', 'V'),
(422, 211, 332, '188/878/404.05/2000', '2000-09-25 17:00:00', 10, 10, 10, 9, 0, 0, 0, 0, NULL, 'V', '-', '-', '-'),
(423, 211, 332, '460.135.310/25/4.13.b/2009', '2009-02-11 17:00:00', 3.6177, 2.0922, 3.6177, 2.0922, 0, NULL, NULL, NULL, NULL, NULL, NULL, NULL, NULL),
(424, 211, 332, '460.135.10/58/4.13.b/2009', '2009-03-31 17:00:00', 2.2932, NULL, NULL, NULL, NULL, NULL, NULL, NULL, NULL, NULL, NULL, NULL, NULL),
(425, 212, 333, '188/204/404.05/2001', '2001-03-29 17:00:00', 9.5, 8.6098, 8.6098, 7, 1.6098, 0, 0, 0, '4/10/2002 188/218/404.1.1.3/02', 'V', '-', '-', '-'),
(426, 213, 334, '188/878/404.05/2000', '2000-09-25 17:00:00', 17, 13.0191, 13.0191, 8.4782, 4.5409, 0, 0, 0, '21/11/2001 188/695/404.1.1.3/01', '-', 'V', '-', '-'),
(427, 418, 335, '188/391/404.1.1.3/02', '2002-06-10 17:00:00', 7.5, 0, 0, 0, 0, 0, 0, 0, NULL, '-', '-', '-', 'V'),
(428, 214, 336, '188/82/404.1.1.3/04', '2004-02-15 17:00:00', 10, 0, 0, 0, 0, 0, 0, 0, NULL, 'V', '-', '-', '-'),
(429, 215, 337, '188/1175/404.1.3.2/2009', '2009-09-13 17:00:00', 4.5, 3.6692, 3.6692, NULL, NULL, 1.4019, 1.4019, NULL, NULL, 'V', NULL, NULL, NULL),
(430, 216, 338, '188/600/404.1.1.3/2005', '2005-07-06 17:00:00', 20, 20.5115, 20.5115, 6, 14.5115, 0, 0, 0, NULL, 'V', '-', '-', '-'),
(431, 217, 339, '188/356/404.1.1.3/2006', '2006-04-23 17:00:00', 8, 1.4767, 1.4767, 0, 1.4767, 0, 0, 0, NULL, 'V', '-', '-', '-'),
(432, 218, 340, '188/1086/404.1.1.2/2008', '2008-06-29 17:00:00', 3.35, 0, 0, 0, 0, 0, 0, 0, NULL, '-', '-', '-', 'V'),
(433, 219, 341, '188/939/404.1.1.3/2007', '2007-07-09 17:00:00', 6, 5.9844, 5.9844, 0, 5.9844, 0, 0, 0, NULL, 'V', '-', '-', '-'),
(434, 220, 342, '188/1100/404.1.1.3/2007', '2007-09-25 17:00:00', 8, 7.4495, 7.4495, 1.4475, 6.002, 2.923, 0, 0, NULL, 'V', '-', '-', '-'),
(435, 221, 343, '188/1218/404.1.3.2/2009', '2009-09-13 17:00:00', 7.5, 6.70111, 6.70111, 0, 0, 0.089, 0.089, 0, NULL, 'V', '-', '-', '-'),
(436, 222, 344, '188/1284/404.1.1.2/2008', '2008-10-28 17:00:00', 22, 7.5696, 7.5696, 0.9945, NULL, 1.69627, 1.69627, 0, NULL, 'V', '-', '-', '-'),
(437, 223, 345, '188/1285/404.1.1.2/2008', '2008-10-28 17:00:00', 19, 13.5164, 13.5164, 4.1, 9.4164, 5.6917, 5.6917, 0, NULL, 'V', '-', '-', '-'),
(438, 217, 346, '188/365/404.1.1.3/2006', '2006-06-23 17:00:00', 1.4767, 1.4767, 1.4767, 0, 0, 0.71, 0.71, 0, NULL, 'V', '-', '-', '-'),
(439, 224, 347, '591/1024/404,6,2/2010', '2010-03-17 17:00:00', 0.88, 0.8718, 0.8718, 0.135, 0.7368, 0.3394, 0.3394, 0, NULL, 'V', '-', '-', '-'),
(440, 224, 347, '188/194/404.1.3.2/2011', '2011-03-15 17:00:00', 3.08, 1.2654, 1.2654, NULL, 1.2654, 0.479437, 0.479437, NULL, NULL, NULL, NULL, NULL, NULL),
(441, 225, 348, '591/3310/404.6.2/2010', '2010-08-28 17:00:00', 0.9029, 0.9029, 0.9029, 0.1365, 0.4095, 0.3519, 0.3519, 0, NULL, 'V', '-', '-', '-'),
(442, 226, 349, '188/235/404.1.3.2/2010', '2010-03-16 17:00:00', 1.5, 1.0916, 1.0916, 0, 1.0916, 0.4443, 0.4443, 0, NULL, 'V', '-', '-', '-'),
(443, 227, 350, '188/36/404.1.3.2/2010', '2010-02-03 17:00:00', 6, 2.6149, 2.6149, 0, 2.6149, 1.0649, 1.0649, 0, NULL, 'V', '-', '-', '-'),
(444, 228, 351, '591/5328/404.6.2/2011', '2011-12-19 17:00:00', 0.9411, 0.8728, 0.8728, 0.3276, 0.21, 0.3352, 0.3352, 0.3352, NULL, 'V', '-', '-', '-'),
(445, 229, 352, '188/304/404.1.3.2/2011', '2011-03-29 17:00:00', 6.7413, 6.7413, 6.7413, 0, 6.7413, 2.8598, 2.8598, 0, NULL, 'V', '-', '-', '-'),
(446, 230, 353, '188/305/404.1.2.3/2011', '2011-03-29 17:00:00', 6, 3.7486, 3.7486, 0, 3.7486, 1.5506, 1.5506, 1.5506, NULL, 'V', '-', '-', '-'),
(447, 231, 354, '591/1136/404.6.2/2011', '2011-03-22 17:00:00', 0.4104, 0.3124, 0.4104, 0, 0.3124, 0.1217, 0.1217, 0, NULL, 'V', '-', '-', '-'),
(448, 232, 355, '188/110/404.1.3.2/2011', '2011-03-10 17:00:00', 26, 20.7197, 20.7197, 0, 20.7197, 8.329319, 8.329319, 8.329319, NULL, 'V', '-', '-', '-'),
(449, 233, 356, '188/710/404.1.3.2/2012', '2012-06-24 17:00:00', 10, 4.2603, 4.2603, 0, 4.2603, 1.673656, 1.673656, 1.673656, NULL, 'V', '-', '-', '-'),
(450, 233, 356, '591/2090/404.6.2/2013', '2012-05-01 17:00:00', 0.5896, 0.50331, 0.50331, 0, 0.50331, 1.964231, 1.964231, 1.964231, NULL, 'V', '-', '-', '-'),
(451, 419, 357, '460.351.0-139', '1994-07-21 17:00:00', 7, 8.4362, 8.3242, 7.88, 0.444199999999999, 0.662, 0.662, 0.662, '26/7/1995 460.351.1.0-111', 'V', '-', '-', '-'),
(452, 419, 357, '04 . 5235 . 1642 . 6', '1993-08-25 17:00:00', 8, 0, 8.0074, 8.0074, 0, 0.2412, 0.2412, 0.2412, NULL, NULL, NULL, NULL, NULL),
(453, 419, 357, '460.135.10-24 NF . 1 . Pr - 98', '1998-03-29 17:00:00', 10, 0, 1, 0, 1, 0, 0, 0, NULL, NULL, NULL, NULL, NULL),
(454, 419, 357, '460.351.0-46', '1996-03-31 17:00:00', 8, 0, 7.9942, 2.6, 5.3942, 0.2548, 0.24, 0, '5/9/2000 460.35.10-2627', NULL, NULL, NULL, NULL),
(455, 420, 358, '460.351.0-50', '1996-04-24 17:00:00', 1.1517, 1.1285, 1.1285, 1.1285, 0, 0.035, 0.035, 0.035, NULL, '-', '-', 'V', '-'),
(456, 421, 359, '460.351.0-75', '1996-06-06 17:00:00', 465.854, 0, 0, 0, 0, 0, 0, 0, NULL, '-', '-', '-', 'V'),
(457, 422, 360, '460.351.0-202', '1995-12-11 17:00:00', 140.5, 0, 24.7119, 0, 24.7119, 0, 0, 0, '20/12/1996 460.135.10-168 NF . 1 . Pr - 96', '-', '-', '-', 'V'),
(458, 423, 361, '460.351.0-183', '1995-11-14 17:00:00', 190, 0, 39.1178, 0, 39.1178, 0, 0, 0, NULL, '-', '-', '-', 'V'),
(459, 234, 362, '460.135.10-33 NF . 1 . Pr - 97', '1997-04-02 17:00:00', 14, 11.1365, 11.1384, 10.3305, 0.0079, 4.1933, 4.1933, 4.1933, '22/8/1998 460.135.10-74 NF.1.Pr-1998', 'V', '-', '-', '-'),
(460, 424, 363, '460.351.10-47 NF . 1 . Pr - 98', '1998-05-19 17:00:00', 0.4943, 0, 0.4943, 0, 0.4943, 0, 0, 0, NULL, '-', '-', '-', 'V'),
(461, 235, 364, '460.135.10-71 NF . 1 . Pr - 98', '1998-08-14 17:00:00', 10, 10, 10, 6.5, 3.5, 4, 4, 4, '15/12/2000 460.35.10-3675', 'V', '-', '-', '-'),
(462, 425, 365, '460.135.10-35 NF . 1 . Pr - 1999', '1999-08-02 17:00:00', 1.331, 0, 1.331, 0, 1.331, 0, 0, 0, '26/9/2000 188/877/404.05/2000', '-', '-', '-', 'V'),
(463, 425, 365, '460.135.10-34', '2003-04-21 17:00:00', 0.54, 0, 0, 0, 0, 0, 0, 0, NULL, NULL, NULL, NULL, NULL),
(464, 236, 366, '188/41/404.05/2000', '2000-02-22 17:00:00', 9.5, 6.4498, 9.5, 5.9988, 3.5012, 2.5347, 2.5347, 2.5347, '13/3/2001 188/115/404.05/2001', 'V', '-', '-', '-'),
(465, 237, 367, '188/152/404.1.1.3/2003', '2003-03-19 17:00:00', 6, 8.9, 6, 4.4664, 1.5336, 0, 0, 0, NULL, NULL, NULL, NULL, NULL),
(466, 426, 368, '188/164/404.05/99', '1999-12-17 17:00:00', 8.5, 0, 0, 0, 0, 0, 0, 0, NULL, '-', '-', '-', 'V'),
(467, 238, 369, '460.135.10-4503', '1999-12-17 17:00:00', 7.5, 7.5, 4.3, 4.3, 0, 0, 1.8, 0, NULL, '-', '-', 'V', '-'),
(468, 239, 370, '188/03/404.05/2000', '2000-01-11 17:00:00', 7.579, 5.079, 5.079, 4, 1.079, 0, 0, 0, '23/1/2001 188/4/404.05/2001', 'V', '-', '-', '-'),
(469, 427, 371, '188/526/404.05/99', '1999-11-03 17:00:00', 6.4, 0, 0, 0, 0, 0, 0, 0, NULL, '-', '-', '-', 'V'),
(470, 428, 372, '188/550/404.05/2000', '2000-06-28 17:00:00', 8, 0, 0, 0, 0, 0, 0, 0, NULL, '-', '-', '-', 'V'),
(471, 429, 373, '188/961/404.05/2000', '2000-12-20 17:00:00', 20, 0, 0, 0, 0, 0, 0, 0, NULL, '-', '-', '-', 'V'),
(472, 430, 374, '188/76/404.05/2000', '2000-04-09 17:00:00', 7, 0, 0, 0, 0, 0, 0, 0, NULL, '-', '-', '-', 'V'),
(473, 431, 375, '188/378/404.05/2001', '2001-06-24 17:00:00', 2.5, 0, 0, 0, 0, 0, 0, 0, NULL, 'V', '-', '-', '-'),
(474, 431, 375, '188/388/404.05/2001', '2001-06-24 17:00:00', 1.65, 0, 1.65, 0, 1.65, 0, 0, 0, NULL, '-', '-', '-', 'V'),
(475, 240, 376, '460.135.10-74 NF.1.Pr-2001', '2001-10-21 17:00:00', 13.8392, 14.5836, 14.5836, 12.404, 2.1796, 0, 0, 0, NULL, 'V', '-', '-', '-'),
(476, 240, 376, '460.135.10-74', NULL, 10, NULL, NULL, NULL, NULL, NULL, NULL, NULL, NULL, NULL, NULL, NULL, NULL),
(477, 432, 377, '188/563/404.1.1.3/2001', '2001-09-30 17:00:00', 5.0861, 0, 0, 0, 0, 0, 0, 0, NULL, '-', '-', '-', 'V'),
(478, 241, 378, '188/120/404.1.1.3/03', '2003-03-04 17:00:00', 8.9, 3.9584, 5.7, 3.3, 2.4, 0, 0, 0, NULL, 'V', '-', '-', '-'),
(479, 242, 379, '188/702/404.1.1.3/02', '2002-12-01 17:00:00', 6, 7.6195, 7.6266, 0.8505, 6.7761, 3.0435, 3.0435, 3.0435, NULL, 'V', '-', '-', '-'),
(480, 242, 379, 'NF.1.Pr-2003', '2003-04-24 17:00:00', NULL, NULL, NULL, NULL, NULL, NULL, NULL, NULL, NULL, NULL, NULL, NULL, NULL),
(481, 243, 380, '460.135.10-6641', '2002-12-02 17:00:00', NULL, NULL, NULL, NULL, NULL, NULL, NULL, NULL, NULL, NULL, NULL, NULL, NULL),
(482, 243, 380, '591/1301/404.3.5/2005', '2005-02-04 17:00:00', 5, 2.9257, 2.9257, 2.1784, 0.7473, 0.798, 0.798, 0.798, NULL, 'V', '-', '-', '-'),
(483, 244, 381, '188/403/404.1.1.3/02', '2002-06-17 17:00:00', 7, 4.6348, 4.6348, 4, 3.6, 0, 0, 0, NULL, 'V', '-', '-', '-'),
(484, 245, 382, '188/635/404.1.1.3/02', '2002-11-05 17:00:00', 6, 6, 6, 6, 0, 2.4, 2.4, 2.4, NULL, 'V', '-', '-', '-'),
(485, 246, 383, '188/504/404.1.1.3/2004', '2004-07-23 17:00:00', 6, 3.986, 3.986, 0, 3.986, 0, 0, 0, NULL, NULL, NULL, NULL, NULL),
(486, 247, 384, '188/531/404.1.1.3/2003', '2003-10-27 17:00:00', 13.55, 3.8139, 6.0064, 1.1457, 4.8607, 2.3757, 2.3757, 2.3757, '10/11/2004 188/660/404.1.1.3/2004', 'V', '-', '-', '-'),
(487, 433, 385, '188/550/404.1.1.3/2003', '2003-11-10 17:00:00', 12, 0, 0, 0, 0, 0, 0, 0, NULL, '-', '-', '-', 'V'),
(488, 248, 386, '188/606/404.1.1.3/2004', '2004-09-30 17:00:00', 11, 10.6569, 10.6569, 3, 7.6569, 0, 0, 0, NULL, 'V', '-', '-', '-'),
(489, 434, 387, '188/651/404.1.1.3/2004', '2004-11-01 17:00:00', 5, 0, 0, 0, 0, 0, 0, 0, NULL, '-', '-', '-', 'V'),
(490, 435, 388, '188/733/404.1.1.3/2004', '2004-12-27 17:00:00', 14, 0, 0, 0, 0, 0, 0, 0, NULL, '-', '-', '-', 'V'),
(491, 249, 389, '188/435/404.1.1.3/2004', '2004-06-20 17:00:00', 10, 3.6, 7, 3, 4, 0, 0, 0, NULL, 'V', '-', '-', '-'),
(492, 250, 390, '188/87/404.1.1.3/2005', '2005-03-02 17:00:00', 10, 3.1502, 3.1502, 0, 3.1502, 0, 0, 0, NULL, 'V', '-', '-', '-'),
(493, 436, 391, '188/118/404.1.1.3/2005', '2005-03-16 17:00:00', 4, 0, 0, 0, 0, 0, 0, 0, NULL, '-', '-', '-', 'V'),
(494, 437, 392, '188/291/404.1.1.3/2005', '2005-05-01 17:00:00', 7, 0, 0, 0, 0, 0, 0, 0, NULL, '-', '-', '-', 'V'),
(495, 251, 393, '188/653/404.1.1.3/2005', '2005-07-26 17:00:00', 12, 7.6284, 7.6284, 0, 7.6284, 3.01215, 3.01215, 0, NULL, 'V', '-', '-', '-'),
(496, 252, 394, '188/653/404.1.1.3/2005', '2005-07-26 17:00:00', 12, 7.6284, 7.6284, 0, 7.6284, 3.01215, 3.01215, 0, NULL, 'V', '-', '-', '-'),
(497, 253, 395, '188/81/404.1.1.3/2004', '2004-02-15 17:00:00', 5, 1.7219, 1.7219, 0.5, 1.2219, 0, 0, 0, NULL, 'V', '-', '-', '-'),
(498, 254, 396, '188/816/404.1.1.3/2005', '2005-10-12 17:00:00', 8, 7.4039, 7.4039, 4, 3.4039, 0, 0, 0, NULL, 'V', '-', '-', '-'),
(499, 255, 397, '188/676/404.1.1.3/2006', '2006-12-05 17:00:00', 5, 5, 5, 2.629, 2.371, 0, 0, 0, NULL, 'V', '-', '-', '-'),
(500, 256, 398, '591/2585/404.3.5/2006', '2006-07-23 17:00:00', 125, 10.7325, 10.7325, 7, 3.7325, 0, 0, 0, NULL, 'V', '-', '-', '-'),
(501, 438, 399, '188/1057/404.1.1.2/2008', '2008-06-22 17:00:00', 6.5, 0, 0, 0, 0, 0, 0, 0, NULL, 'V', '-', '-', '-'),
(502, 257, 400, '188/71/404.1.1.3/2007', '2007-03-26 17:00:00', 5, 3.6033, 3.6033, 2.146, 1.4573, 0, 0, 0, NULL, 'V', '-', '-', '-'),
(503, 439, 401, '188/1163/404.1.1.2/2008', '2008-07-28 17:00:00', 25.51, 0, 0, 0, 0, 0, 0, 0, NULL, '-', '-', '-', 'V'),
(504, 439, 401, '188/1164/404.1.1.2/2008', '2008-07-28 17:00:00', 98.7, 0, 0, 0, 0, 0, 0, 0, NULL, NULL, NULL, NULL, NULL),
(505, 439, 401, '188/1165/404.1.1.2/2008', '2008-07-28 17:00:00', 67, 0, 0, 0, 0, 0, 0, 0, NULL, NULL, NULL, NULL, NULL),
(506, 258, 402, '460.135.10/97/4.13.b/2006', '2006-05-17 17:00:00', 2.188, 2.188, 2.188, 0, 2.188, 0, 0, 0, NULL, 'V', '-', '-', '-'),
(507, 259, 403, '188/1057/404.1.1.2/2008', '2008-06-25 17:00:00', 6.5, 3.501472, 3.501472, 1.3186, 2.182872, 1.403672, 1.403672, 1.403672, NULL, 'V', '-', '-', '-'),
(508, 260, 404, '188/1057/404.1.1.2/2008', '2008-06-25 17:00:00', 6.5, 3.501472, 3.501472, 1.3186, 2.182872, 1.403672, 1.403672, 1.403672, NULL, 'V', '-', '-', '-'),
(509, 261, 405, '188/1057/404.1.1.2/2008', '2008-06-25 17:00:00', 6.5, 3.501472, 3.501472, 1.3186, 2.182872, 1.403672, 1.403672, 1.403672, NULL, 'V', '-', '-', '-'),
(510, 249, 406, '188/1220/404.1.3.2/2009', '2009-09-15 17:00:00', 8.16, 2.4792, 3.2164, 0, 3.2164, 1.0056, 1.0056, 0, NULL, 'V', '-', '-', '-'),
(511, 262, 407, '591/2332/404.6.2/2010', '2010-06-13 17:00:00', 0.8857, 0.8857, 0.9037, 0.5, 0.3857, 0.3451, 0.3451, 0.0125, NULL, 'V', '-', '-', '-'),
(512, 263, 408, '188/41/404.05/2000', '2010-02-22 17:00:00', NULL, NULL, NULL, NULL, NULL, NULL, NULL, NULL, NULL, NULL, NULL, NULL, NULL),
(513, 263, 408, '188/115/404.05/2001 1/20/2000', '2010-03-14 17:00:00', NULL, NULL, NULL, NULL, NULL, NULL, NULL, NULL, NULL, NULL, NULL, NULL, NULL),
(514, 263, 408, '188/152/404.1.1.3/2003', '2003-03-19 17:00:00', NULL, NULL, NULL, NULL, NULL, NULL, NULL, NULL, NULL, NULL, NULL, NULL, NULL),
(515, 264, 409, '188/1521/404.1.3.2/2010', '2010-09-29 17:00:00', 3.2941, 1.6941, NULL, NULL, NULL, 0.7774, NULL, NULL, NULL, 'V', '-', '-', '-'),
(516, 265, 410, '188/49/404.1.3.2/2010', '2010-02-07 17:00:00', 3.5, 3.0505, 3.0505, NULL, NULL, 1.12241, 1.12241, NULL, NULL, 'V', '-', '-', '-'),
(517, 266, 411, '188/864/404.1.3.2/2011', '2011-11-14 17:00:00', 10, 3.5998, 3.5998, 0, 3.5998, 1.40505, 1.40505, NULL, NULL, 'V', NULL, NULL, NULL),
(518, 267, 412, '188/864/404.1.3.2/2011', '2011-11-14 17:00:00', 10, 3.5998, 3.5998, 0, 3.5998, 1.40505, 1.40505, NULL, NULL, 'V', NULL, NULL, NULL),
(519, 268, 413, '188/425/404.1.3.2/2012', '2012-04-02 17:00:00', 3, 3.0608, 3.0608, NULL, 3.0608, 1.25855, 1.25855, NULL, NULL, 'V', '-', '-', '-'),
(520, 269, 414, '591/4565/404.6.2/2011', '2011-11-09 17:00:00', 0.7111, 0.7111, 0.7111, NULL, 0.7111, 0.3471, 0.3471, NULL, NULL, 'V', NULL, NULL, NULL),
(521, 440, 415, '460.135.10-134 NF . 1 . Pr - 96', '1996-09-11 17:00:00', 20, 0, 0, 0, 0, 0, 0, 0, NULL, '-', '-', '-', 'V'),
(522, 441, 416, '188/42/404.05/2000', '2000-03-22 17:00:00', 25, 0, 0, 0, 0, 0, 0, 0, NULL, '-', '-', '-', 'V'),
(523, 442, 417, '460.351.0-97', '1996-07-14 17:00:00', 6.86, 0, 0, 0, 0, 0, 0, 0, NULL, '-', '-', '-', 'V'),
(524, 270, 418, '188/258/404.1.1.3/2003', '2003-05-06 17:00:00', 12, 11.75, 11.75, 3.5, 8.25, 4.64125, 4.64125, 4.6413, NULL, '-', '-', '-', 'V'),
(525, 443, 419, '188/17/404.1.1.3/2005', '2005-01-19 17:00:00', 2.5, 0, 0, 0, 0, 0, 0, 0, NULL, '-', '-', '-', 'V'),
(526, 444, 420, '460.351.0-147', '1994-09-12 17:00:00', 100, 0, 86, 0, 86, 0, 0, 0, NULL, '-', '-', '-', 'V'),
(527, 445, 421, '460.135.10-88 NF . 1 . Pr - 97', '1997-07-06 17:00:00', 2.5, 0, 0, 0, 0, 0, 0, 0, NULL, '-', '-', '-', 'V'),
(528, 271, 422, '188/478/404.1.1.3/2003', '2003-09-23 17:00:00', 4, 3.808, 3.808, 1.067, 2.741, 0, 0, 0, NULL, 'V', '-', '-', '-'),
(529, 272, 423, '188/938/404.1.1.3/2007', '2007-07-09 17:00:00', 18, 12.0637, 12.0637, 5.224437, 6.839263, 4.7881105, 4.7881105, 3.4285, NULL, 'V', '-', '-', '-'),
(530, 273, 424, '188/1221/404.1.3.2/2009', '2009-09-15 17:00:00', 14, 12.6884, 12.6884, 0.7097, 11.9787, 3.51481, 3.5148, 0, NULL, 'V', '-', '-', '-'),
(531, 274, 425, '188/673/404.1.3.2/2011', '2011-07-17 17:00:00', 23.235, 11.3447, 11.3447, 0, 11.3447, 4.9911, 4.9911, NULL, NULL, 'V', '-', '-', '-'),
(532, 275, 426, '188/853/404.1.3.2/2011', '2011-11-07 17:00:00', 6, 6.0163, 6.0163, NULL, 6.0163, 2.30471, 2.30471, NULL, NULL, NULL, NULL, NULL, NULL),
(533, 276, 427, '188/1124/404.1.3.2', '2012-12-26 17:00:00', 6, 6.0736, 6.0736, NULL, 6.0736, 2.28634, 2.28634, NULL, NULL, NULL, NULL, NULL, NULL),
(534, 277, 428, '188/528/404.1.1.3/2004', '2004-10-09 17:00:00', 32.5, 37.38, 37.38, 33.64, 3.74, 14.05, 14.05, 14.05, NULL, 'V', '-', '-', '-'),
(535, 277, 428, '188/529/404.1.1.3/2004', '2004-08-09 17:00:00', 6, NULL, NULL, NULL, NULL, NULL, NULL, NULL, NULL, NULL, NULL, NULL, NULL),
(536, 278, 429, '188/467/404.1.1.3/2004', '2004-07-11 17:00:00', 16, 15.32, 16, 12.4, 3.6, 6.59, 6.16, 5.27, NULL, 'V', '-', '-', '-'),
(537, 277, 430, '188/652/404.1.1.3/2004', '2004-11-01 17:00:00', 30, 27.6692, 27.6692, 27.6692, 0, 10.57, 10.57, 10.57, NULL, 'V', '-', '-', '-'),
(538, 279, 431, '188/56/404.1.1.3/2006', '2006-03-07 17:00:00', 10, 6.8, 6.8, 1.4, 5.4, 2.7, 2.7, 2.7, NULL, 'V', '-', '-', '-'),
(539, 280, 432, '188/1202/404.1.1.3/2007', '2007-12-18 17:00:00', 11, 5.2366, 5.2366, 0, 5.2366, 1.9983, 1.9983, 1.9983, NULL, 'V', '-', '-', '-'),
(540, 281, 433, '188/1274/404.1.3.2/2009', '2009-10-04 17:00:00', 11, 9.5942, 9.5942, 0, 9.5942, 2.044, 2.044, 0, NULL, 'V', '-', '-', '-'),
(541, 282, 434, '188/1224/404.1.3.2/2009', '2009-09-15 17:00:00', 11.3, 6.6086, 6.6086, 0, 0, 2.643, 2.643, 0, NULL, 'V', '-', '-', '-'),
(542, 283, 435, '188/604/404.1.3.2/2011', '2011-06-09 17:00:00', 6, 6.1417, 6.1417, 0, 6.1417, 2.419497, 2.419497, 2.419497, NULL, 'V', '-', '-', '-'),
(543, 284, 436, '188/521/404.1.1.3/2004', '2004-08-08 17:00:00', 6.9, 4.7874, 4.7874, 4.4033, 0.3841, 1.843, 1.843, 1.843, NULL, 'V', '-', '-', '-'),
(544, 446, 437, '188/103/404.1.1.3/2007', '2007-08-12 17:00:00', 22, 0, 0, 0, 0, 0, 0, 0, '25/11/2008 188/1348/404.1.1.2/2008', 'V', '-', '-', '-'),
(545, 387, 438, '188/1346/404.1.1.2/2008', '2008-11-24 17:00:00', 7.5, 0, 0, 0, 0, 0, 0, 0, NULL, 'V', '-', '-', '-'),
(546, 285, 439, '591/3364/404.6.2/2009', '2009-08-17 17:00:00', 0.4603, 0.4603, 0.4603, NULL, NULL, 0.2431, 0.2431, 0, NULL, 'V', '-', '-', '-'),
(547, 286, 440, '188/71/404.1.3.2/2009', '2009-02-09 17:00:00', 14, 13.7073, 13.7073, 2.2448, 11.4625, 2.39365, 2.39345, 1, NULL, 'V', '-', '-', '-'),
(548, 286, 440, '188/1327/404.1.3.2/2009', '2009-11-02 17:00:00', 10.6198, NULL, NULL, NULL, NULL, NULL, NULL, NULL, NULL, NULL, NULL, NULL, NULL),
(549, 287, 441, '188/64/404.13.2/2010', '2010-02-24 17:00:00', 4.9379, 4.9379, 4.9379, NULL, NULL, 0.139825, 0.139825, 0, NULL, 'V', '-', '-', '-'),
(550, 288, 442, '188/1473/404.1.3.2/2010', '2010-08-19 17:00:00', 2.5, 2.0532, 2.0532, 0, 2.0532, 0.8213, 0.8213, 0, NULL, 'V', '-', '-', '-'),
(551, 289, 443, '188/306/404.1.3.2/2011', '2011-03-29 17:00:00', 5, 3.2088, NULL, NULL, NULL, 2.147347, NULL, NULL, NULL, 'V', '-', '-', '-'),
(552, 447, 444, 'f', '0000-00-00 00:00:00', 0, 0, 0, 0, 0, 0, 0, 0, 'f', 'f', 'f', 'f', 'f'),
(553, 448, 445, 'f', '0000-00-00 00:00:00', 0, 0, 0, 0, 0, 0, 0, 0, 'f', 'f', 'f', 'f', 'f'),
(554, 449, 446, 'f', '0000-00-00 00:00:00', 0, 0, 0, 0, 0, 0, 0, 0, 'f', 'f', 'f', 'f', 'f'),
(555, 215, 337, 'adf', '0000-00-00 00:00:00', 0, 0, 0, 0, 0, 0, 0, 0, NULL, 'V', 'V', 'V', 'V'),
(556, 215, 337, 'adf', '0000-00-00 00:00:00', 0, 0, 0, 0, 0, 0, 0, 0, NULL, 'V', 'V', 'V', 'V'),
(557, 215, 337, 'adfadf', '0000-00-00 00:00:00', 34, 34, 34, 34, 34, 34, 34, 0, NULL, 'V', 'V', 'V', 'V'),
(558, 215, 337, 'adsfd', '2014-10-11 17:00:00', 34, 34, 34, 34, 34, 34, 34, 34, NULL, 'V', 'V', 'V', 'V');

-- --------------------------------------------------------

--
-- Table structure for table `kecamatan`
--

CREATE TABLE IF NOT EXISTS `kecamatan` (
`id_kecamatan` int(11) NOT NULL,
  `nama_kecamatan` varchar(100) NOT NULL
) ENGINE=InnoDB  DEFAULT CHARSET=latin1 AUTO_INCREMENT=19 ;

--
-- Dumping data for table `kecamatan`
--

INSERT INTO `kecamatan` (`id_kecamatan`, `nama_kecamatan`) VALUES
(1, 'SIDOARJO'),
(2, 'BUDURAN'),
(3, 'CANDI'),
(4, 'PORONG'),
(5, 'KREMBUNG'),
(6, 'TULANGAN'),
(7, 'TANGGULANGIN'),
(8, 'JABON'),
(9, 'KRIAN'),
(10, 'BALONGBENDO'),
(11, 'WONOAYU'),
(12, 'TARIK'),
(13, 'PRAMBON'),
(14, 'TAMAN'),
(15, 'WARU'),
(16, 'GEDANGAN'),
(17, 'SEDATI'),
(18, 'SUKODONO');

-- --------------------------------------------------------

--
-- Table structure for table `kombinasi`
--

CREATE TABLE IF NOT EXISTS `kombinasi` (
  `id_kombinasi` int(11) DEFAULT NULL,
  `id_lokasi` int(11) DEFAULT NULL
) ENGINE=InnoDB DEFAULT CHARSET=latin1;

--
-- Dumping data for table `kombinasi`
--

INSERT INTO `kombinasi` (`id_kombinasi`, `id_lokasi`) VALUES
(1, 10),
(2, 18),
(3, 20),
(4, 2),
(5, 12),
(6, 2),
(6, 16),
(7, 14),
(7, 3),
(7, 16),
(8, 10),
(9, 9),
(9, 17),
(9, 22),
(9, 189),
(9, 5),
(9, 174),
(9, 178),
(9, 179),
(10, 11),
(10, 1),
(11, 9),
(12, 9),
(12, 30),
(13, 9),
(13, 30),
(14, 9),
(15, 10),
(16, 23),
(16, 179),
(17, 8),
(18, 21),
(18, 6),
(19, 1),
(20, 9),
(21, 19),
(21, 52),
(21, 55),
(22, 8),
(23, 21),
(23, 6),
(23, 53),
(24, 21),
(25, 17),
(26, 10),
(27, 8),
(27, 16),
(28, 8),
(28, 16),
(29, 2),
(29, 10),
(30, 30),
(30, 13),
(31, 30),
(31, 13),
(32, 6),
(32, 22),
(33, 16),
(34, 17),
(34, 22),
(35, 2),
(36, 2),
(37, 18),
(38, 17),
(39, 9),
(39, 1),
(40, 6),
(41, 9),
(41, 22),
(42, 20),
(43, 21),
(44, 10),
(45, 2),
(46, 23),
(47, 2),
(47, 16),
(48, 17),
(49, 23),
(50, 23),
(51, 21),
(52, 19),
(53, 17),
(54, 17),
(55, 21),
(56, 7),
(56, 27),
(57, 21),
(58, 23),
(59, 19),
(60, 1),
(61, 9),
(61, 6),
(62, 4),
(63, 25),
(64, 34),
(65, 34),
(66, 34),
(66, 25),
(67, 29),
(68, 33),
(68, 13),
(69, 34),
(70, 30),
(71, 32),
(71, 29),
(72, 30),
(73, 33),
(74, 31),
(75, 31),
(76, 34),
(77, 36),
(78, 32),
(78, 29),
(79, 33),
(79, 35),
(80, 32),
(80, 160),
(80, 35),
(80, 178),
(81, 24),
(82, 31),
(83, 32),
(84, 24),
(85, 28),
(86, 26),
(87, 32),
(88, 34),
(89, 32),
(90, 32),
(91, 32),
(92, 32),
(93, 32),
(94, 13),
(94, 30),
(95, 31),
(95, 28),
(96, 29),
(97, 28),
(98, 32),
(99, 33),
(100, 29),
(101, 33),
(101, 29),
(101, 30),
(102, 33),
(102, 29),
(102, 30),
(103, 33),
(103, 29),
(103, 30),
(104, 28),
(104, 26),
(105, 26),
(106, 31),
(107, 28),
(108, 29),
(109, 28),
(110, 73),
(111, 73),
(112, 71),
(113, 75),
(114, 73),
(115, 73),
(116, 73),
(117, 78),
(118, 73),
(119, 76),
(120, 72),
(121, 72),
(122, 75),
(123, 70),
(124, 75),
(124, 70),
(125, 74),
(126, 73),
(127, 77),
(128, 140),
(129, 132),
(130, 134),
(131, 143),
(132, 134),
(133, 140),
(134, 135),
(135, 140),
(136, 140),
(137, 137),
(137, 136),
(138, 141),
(139, 133),
(140, 127),
(141, 137),
(142, 131),
(143, 138),
(143, 137),
(143, 127),
(144, 137),
(145, 141),
(145, 126),
(146, 118),
(147, 141),
(147, 126),
(148, 136),
(149, 135),
(150, 135),
(150, 142),
(151, 134),
(152, 137),
(153, 137),
(154, 143),
(155, 130),
(155, 129),
(156, 137),
(157, 137),
(158, 140),
(158, 166),
(158, 128),
(159, 138),
(160, 138),
(161, 143),
(162, 136),
(163, 137),
(164, 140),
(165, 141),
(166, 137),
(167, 139),
(168, 136),
(169, 139),
(170, 167),
(171, 166),
(172, 162),
(172, 170),
(173, 162),
(173, 167),
(174, 163),
(175, 167),
(175, 169),
(176, 166),
(177, 172),
(177, 160),
(178, 172),
(179, 167),
(180, 163),
(181, 163),
(182, 166),
(183, 173),
(183, 166),
(183, 140),
(183, 171),
(184, 166),
(185, 171),
(186, 166),
(187, 171),
(188, 173),
(189, 172),
(190, 164),
(190, 163),
(191, 164),
(192, 172),
(193, 171),
(194, 166),
(195, 167),
(196, 162),
(197, 162),
(198, 167),
(199, 168),
(200, 167),
(201, 167),
(201, 165),
(202, 161),
(203, 167),
(204, 171),
(205, 173),
(206, 167),
(207, 167),
(208, 163),
(209, 37),
(210, 50),
(211, 58),
(211, 39),
(212, 38),
(213, 52),
(213, 55),
(213, 54),
(213, 47),
(214, 51),
(215, 44),
(216, 58),
(217, 57),
(217, 55),
(218, 44),
(218, 51),
(219, 45),
(220, 42),
(221, 44),
(221, 48),
(222, 44),
(222, 48),
(223, 54),
(223, 45),
(223, 47),
(224, 56),
(225, 50),
(225, 39),
(226, 39),
(227, 40),
(228, 51),
(229, 38),
(230, 41),
(231, 42),
(232, 58),
(233, 47),
(234, 49),
(235, 55),
(236, 56),
(236, 70),
(237, 52),
(238, 44),
(239, 56),
(240, 52),
(241, 51),
(242, 48),
(243, 53),
(244, 53),
(245, 53),
(246, 42),
(246, 56),
(247, 40),
(248, 49),
(248, 46),
(249, 52),
(250, 70),
(250, 56),
(251, 52),
(252, 46),
(253, 43),
(254, 52),
(255, 43),
(256, 43),
(257, 44),
(258, 43),
(259, 53),
(260, 53),
(261, 156),
(262, 99),
(263, 156),
(263, 99),
(264, 151),
(264, 157),
(264, 144),
(264, 147),
(264, 148),
(264, 152),
(264, 178),
(264, 145),
(264, 150),
(264, 32),
(264, 35),
(264, 124),
(264, 21),
(265, 155),
(265, 149),
(265, 148),
(265, 159),
(265, 153),
(265, 154),
(265, 158),
(266, 153),
(267, 148),
(267, 155),
(267, 159),
(267, 153),
(267, 149),
(267, 154),
(267, 158),
(268, 157),
(268, 150),
(268, 158),
(269, 153),
(270, 149),
(271, 152),
(272, 150),
(273, 149),
(274, 153),
(275, 158),
(276, 99),
(277, 146),
(278, 150),
(279, 149),
(280, 147),
(281, 114),
(281, 125),
(282, 109),
(283, 124),
(283, 109),
(283, 144),
(284, 122),
(285, 115),
(286, 114),
(287, 118),
(288, 111),
(288, 115),
(289, 113),
(289, 119),
(289, 120),
(290, 120),
(291, 115),
(292, 118),
(293, 124),
(294, 135),
(294, 124),
(295, 110),
(296, 124),
(297, 112),
(298, 110),
(298, 53),
(299, 53),
(299, 110),
(300, 123),
(300, 116),
(301, 121),
(302, 125),
(303, 124),
(304, 115),
(305, 124),
(306, 124),
(307, 124),
(308, 124),
(309, 122),
(310, 53),
(311, 122),
(312, 122),
(313, 115),
(314, 115),
(315, 117),
(316, 109),
(317, 115),
(318, 109),
(319, 124),
(320, 115),
(320, 133),
(321, 115),
(322, 117),
(323, 124),
(324, 82),
(325, 93),
(326, 91),
(327, 87),
(327, 90),
(328, 91),
(329, 82),
(330, 80),
(331, 91),
(332, 92),
(333, 91),
(334, 82),
(335, 88),
(336, 92),
(337, 92),
(338, 83),
(339, 89),
(340, 91),
(341, 86),
(342, 86),
(343, 84),
(344, 89),
(345, 140),
(346, 89),
(347, 92),
(348, 92),
(349, 93),
(350, 82),
(351, 92),
(352, 86),
(353, 92),
(354, 85),
(355, 81),
(356, 81),
(357, 182),
(358, 21),
(359, 21),
(360, 180),
(361, 183),
(361, 180),
(361, 178),
(361, 32),
(362, 21),
(363, 178),
(364, 174),
(365, 179),
(366, 186),
(367, 186),
(368, 179),
(369, 179),
(370, 174),
(370, 186),
(371, 179),
(372, 185),
(373, 182),
(374, 21),
(375, 178),
(375, 179),
(376, 21),
(377, 178),
(378, 185),
(379, 179),
(380, 179),
(381, 183),
(382, 179),
(383, 179),
(384, 181),
(384, 183),
(385, 174),
(386, 188),
(387, 178),
(388, 178),
(389, 179),
(390, 184),
(391, 179),
(392, 179),
(393, 21),
(394, 21),
(395, 21),
(396, 178),
(397, 178),
(398, 178),
(399, 183),
(400, 187),
(400, 53),
(401, 181),
(401, 178),
(401, 174),
(401, 189),
(401, 186),
(402, 186),
(403, 183),
(404, 183),
(405, 183),
(406, 175),
(406, 176),
(407, 186),
(408, 186),
(409, 179),
(410, 183),
(411, 186),
(412, 186),
(413, 21),
(414, 177),
(415, 59),
(415, 60),
(415, 63),
(416, 60),
(417, 61),
(418, 59),
(419, 62),
(419, 79),
(420, 94),
(421, 95),
(422, 108),
(423, 105),
(423, 107),
(424, 105),
(425, 104),
(426, 105),
(427, 106),
(428, 64),
(428, 98),
(429, 66),
(429, 41),
(430, 67),
(431, 68),
(432, 68),
(432, 65),
(433, 66),
(434, 66),
(434, 41),
(435, 69),
(436, 102),
(437, 97),
(438, 99),
(439, 96),
(440, 103),
(441, 101),
(442, 100),
(443, 100),
(444, 1),
(444, 2),
(445, 9),
(445, 10),
(446, 1);

-- --------------------------------------------------------

--
-- Table structure for table `lokasi`
--

CREATE TABLE IF NOT EXISTS `lokasi` (
`id_lokasi` int(11) NOT NULL,
  `nama_lokasi` varchar(100) NOT NULL,
  `latitude` double NOT NULL,
  `longitude` double NOT NULL,
  `id_kecamatan` int(11) NOT NULL
) ENGINE=InnoDB  DEFAULT CHARSET=latin1 AUTO_INCREMENT=194 ;

--
-- Dumping data for table `lokasi`
--

INSERT INTO `lokasi` (`id_lokasi`, `nama_lokasi`, `latitude`, `longitude`, `id_kecamatan`) VALUES
(1, 'BANJARBENDO', 112.712683999999, -7.456835, 1),
(2, 'BLURU KIDUL', 112.7054375, -7.44556329999999, 1),
(3, 'BULU SIDOKARE', 112.712683999999, -7.456835, 1),
(4, 'CEMENGBAKALAN', 112.686259999999, -7.44229, 1),
(5, 'CEMENGKALAN', 112.712683999999, -7.456835, 1),
(6, 'CEMENGKALANG', 112.712683999999, -7.456835, 1),
(7, 'DS. SUMPUT, JATI', 112.712683999999, -7.456835, 1),
(8, 'GEBANG', 112.712683999999, -7.456835, 1),
(9, 'JATI', 112.712683999999, -7.456835, 1),
(10, 'KEMIRI', 112.713027399999, -7.4541374, 1),
(11, 'LEMAH PUTRO', 112.712683999999, -7.456835, 1),
(12, 'MAGERSARI', 112.712683999999, -7.456835, 1),
(13, 'PUCANG', 112.722739999999, -7.45651999999999, 1),
(14, 'PUCANG ANOM', 112.722739999999, -7.45651999999999, 1),
(15, 'RANGKA KIDUL', 112.742027399999, -7.4610224, 1),
(16, 'RANGKAH KIDUL', 112.742027399999, -7.4610224, 1),
(17, 'SARIROGO', 112.712683999999, -7.456835, 1),
(18, 'SEKARDANGAN', 112.722661099999, -7.4658542, 1),
(19, 'SIDOKARE', 112.712683999999, -7.456835, 1),
(20, 'SIDOKLUMPUK', 112.722661099999, -7.4507074, 1),
(21, 'SUKO', 112.712683999999, -7.456835, 1),
(22, 'SUMPUT', 112.712683999999, -7.456835, 1),
(23, 'URANGAGUNG', 112.712683999999, -7.456835, 1),
(24, 'BANJAR SARI', 112.629768399999, -7.3687426, 2),
(25, 'BUDURAN', 112.712683999999, -7.456835, 2),
(26, 'DAMARSI', 112.765862299999, -7.4193666, 2),
(27, 'DS. ENTALSEWU', 112.701535199999, -7.4361427, 2),
(28, 'DUKUHTENGAH', 112.712683999999, -7.456835, 2),
(29, 'ENTALSEWU', 112.753944899999, -7.4099178, 2),
(30, 'PAGERWOJO', 112.715267999999, -7.442149, 2),
(31, 'PRASUNG', 112.712683999999, -7.456835, 2),
(32, 'SIDOKEPUNG', 112.712683999999, -7.456835, 2),
(33, 'SIDOKERTO', 112.716702199999, -7.4232672, 2),
(34, 'SIWALAN PANJI', 112.712683999999, -7.456835, 2),
(35, 'SUKOREJO', 112.712683999999, -7.456835, 2),
(36, 'WADUNGASIH', 112.712683999999, -7.456835, 2),
(37, 'BALONGDOWO', 112.712683999999, -7.456835, 3),
(38, 'BALONGGABUS', 112.712683999999, -7.456835, 3),
(39, 'BLIGO', 112.722661099999, -7.4936327, 3),
(40, 'CANDI', 112.712683999999, -7.456835, 3),
(41, 'DURUNG BEDUG', 112.671514699999, -7.4581094, 3),
(42, 'GELAM', 112.712683999999, -7.456835, 3),
(43, 'JAMBANGAN', 112.712683999999, -7.456835, 3),
(44, 'KALIPECABEAN', 112.712683999999, -7.456835, 3),
(45, 'KARANGTANJUNG', 112.737353999999, -7.492827, 3),
(46, 'KEBONSARI', 112.712683999999, -7.456835, 3),
(47, 'KEDUNGKENDO', 112.712683999999, -7.456835, 3),
(48, 'KENDAL PECABEAN', 112.712683999999, -7.456835, 3),
(49, 'KLURAK', 112.712683999999, -7.456835, 3),
(50, 'LARANGAN', 112.712683999999, -7.456835, 3),
(51, 'NGAMPELSARI', 112.712683999999, -7.456835, 3),
(52, 'SEPANDE', 112.712683999999, -7.456835, 3),
(53, 'SIDODADI', 112.712683999999, -7.456835, 3),
(54, 'SUGIHWARAS', 112.712683999999, -7.456835, 3),
(55, 'SUMOKALI', 112.712683999999, -7.456835, 3),
(56, 'SUMORAME', 112.712683999999, -7.456835, 3),
(57, 'TENGGULUNAN', 112.712683999999, -7.456835, 3),
(58, 'WEDORO KLURAK', 112.698825199999, -7.53282839999999, 3),
(59, 'GEDANG', 112.712683999999, -7.456835, 4),
(60, 'PAMOTAN', 112.6898866, -7.5257308, 4),
(61, 'PORONG', 112.701683, -7.538333, 4),
(62, 'RENOKENONGO', 112.718192, -7.52798409999999, 4),
(63, 'WUNUT', 112.6883969, -7.5194928, 4),
(64, 'GRABAGAN', 112.6243346, -7.4509392, 6),
(65, 'GRINTING', 112.6407229, -7.45637459999999, 6),
(66, 'GROGOL', 112.6332737, -7.4529857, 6),
(67, 'KEPUH KEMIRI', 112.6571111, -7.4618085, 6),
(68, 'MODONG', 112.6481721, -7.4572375, 6),
(69, 'TULANGAN', 112.7010599, -7.49669659999999, 6),
(70, 'BORO', 112.712683999999, -7.456835, 7),
(71, 'GEMPOLSARI', 112.7256406, -7.51620779999999, 7),
(72, 'KALI SAMPURNO', 112.698825199999, -7.50755549999999, 7),
(73, 'KALITENGAH', 112.7137227, -7.5092746, 7),
(74, 'KEDENSARI', 112.698825199999, -7.5025021, 7),
(75, 'KETEGAN', 112.6898866, -7.50551279999999, 7),
(76, 'KLUDAN', 112.712683999999, -7.456835, 7),
(77, 'NGABAN', 112.7315995, -7.50577839999999, 7),
(78, 'PUTAT', 112.7196817, -7.5392768, 7),
(79, 'BESUKI', 112.7196817, -7.50389849999999, 8),
(80, 'BARENGKRAJAN', 112.6034763, -7.37884189999999, 9),
(81, 'GAMPING', 112.583319999999, -7.41844, 9),
(82, 'JATIKALANG', 112.593047, -7.40337139999999, 9),
(83, 'JERUKGAMPING', 112.606455999999, -7.4064444, 9),
(84, 'JUNWANGI', 112.7169693, -7.45407099999999, 9),
(85, 'KATERUNGAN', 112.5975167, -7.41701859999999, 9),
(86, 'KEMASAN', 112.6243346, -7.38782749999999, 9),
(87, 'KRATON', 112.5677183, -7.4059798, 9),
(88, 'KRIAN', 112.5860422, -7.4101699, 9),
(89, 'SEDENGANMIJEN', 112.716132399999, -7.4544966, 9),
(90, 'SIDOMULYO', 112.712683999999, -7.456835, 9),
(91, 'SIDOREJO', 112.6118688, -7.37648199999999, 9),
(92, 'TEMPEL', 112.5915571, -7.3794738, 9),
(93, 'WATUGOLONG', 112.5915571, -7.3870444, 9),
(94, 'KEMANGSEN', 112.5692082, -7.41473809999999, 10),
(95, 'SINGKALAN', 112.4798088, -7.4245378, 10),
(96, 'MULYODADI', 112.627314299999, -7.4255279, 11),
(97, 'PLOSO', 112.642212799999, -7.4348302, 11),
(98, 'POPOH', 112.6213548, -7.443522, 11),
(99, 'SEMAMBUNG', 112.7405377, -7.3765948, 11),
(100, 'SIMOANGIN - ANGIN', 112.600947599999, -7.4351178, 11),
(101, 'SIMOKETAWANG', 112.6118688, -7.37648199999999, 11),
(102, 'SUMBERREJO', 112.5915571, -7.3794738, 11),
(103, 'TANGGUL', 112.5915571, -7.3870444, 11),
(104, 'BENDOTRETEK', 112.5692082, -7.41473809999999, 13),
(105, 'SIMOGIRANG', 112.4798088, -7.4245378, 13),
(106, 'TEMU', 112.627314299999, -7.4255279, 13),
(107, 'WATUTULIS', 112.642212799999, -7.4348302, 13),
(108, 'WONOPLINTAHAN', 112.6213548, -7.443522, 13),
(109, 'BOHAR', 112.7405377, -7.3765948, 14),
(110, 'BRINGINBENDO', 112.600947599999, -7.4351178, 14),
(111, 'GELURAN', 112.6928662, -7.36400739999999, 14),
(112, 'GILANG', 112.6824377, -7.3683438, 14),
(113, 'JEMUNDO', 112.669029599999, -7.3627522, 14),
(114, 'KALIJATEN', 112.701804799999, -7.3584903, 14),
(115, 'KEDUNGTURI', 112.6337383, -7.38667309999999, 14),
(116, 'KERAMATJEGU', 112.688806099999, -7.36336069999999, 14),
(117, 'KRAMATJEGU', 112.680947899999, -7.377249, 14),
(118, 'KREMBANGAN', 112.6630703, -7.3580255, 14),
(119, 'SADANG', 112.6337383, -7.38667309999999, 14),
(120, 'SAMBIBULU', 112.686907099999, -7.3542397, 14),
(121, 'SEPANJANG', 112.697737599999, -7.3472574, 14),
(122, 'TAWANGSARI', 112.681372499999, -7.3559673, 14),
(123, 'TROSOBO', 112.636253399999, -7.37205769999999, 14),
(124, 'WAGE', 112.7077638, -7.3682573, 14),
(125, 'WONOCOLO', 112.6958457, -7.3462035, 14),
(126, 'BREBEK', 112.7641376, -7.3405817, 15),
(127, 'BUNGURASIH', 112.7196817, -7.3474587, 15),
(128, 'DS. TAMBAKSAWAH', 112.7405377, -7.3488704, 15),
(129, 'JANTI', 112.7315995, -7.3518656, 15),
(130, 'KEDUNGREJO', 112.777596, -7.35947899999999, 15),
(131, 'KEPUH KIRIMAN', 112.813354, -7.35089, 15),
(132, 'KUREKSARI', 112.734578899999, -7.3617882, 15),
(133, 'MEDAENG', 112.716702199999, -7.35517789999999, 15),
(134, 'NGINGAS', 112.7196817, -7.36510199999999, 15),
(135, 'PEPELEGI', 112.7613933, -7.3528001, 15),
(136, 'TAMBAK OSO', 112.742027399999, -7.36013139999999, 15),
(137, 'TAMBAKREJO', 112.7896966, -7.3575902, 15),
(138, 'TAMBAK SUMUR', 112.7784876, -7.3475278, 15),
(139, 'TAMBAKSAWAH', 112.782248499999, -7.36428679999999, 15),
(140, 'TROPODO', 112.7583752, -7.35883919999999, 15),
(141, 'WADUNGASRI', 112.770331299999, -7.344766, 15),
(142, 'WARU', 112.729299999999, -7.35259099999999, 15),
(143, 'WEDORO', 112.712683999999, -7.456835, 15),
(144, 'BANGAH', 112.718192, -7.37148369999999, 16),
(145, 'BANJARKEMANTREN', 112.7196817, -7.4155384, 16),
(146, 'DS. BANGAH', 112.7047843, -7.39615499999999, 16),
(147, 'GANTING', 112.728456, -7.389017, 16),
(148, 'GEDANGAN', 112.7494759, -7.3988088, 16),
(149, 'GEMURUNG', 112.7137227, -7.40828939999999, 16),
(150, 'KARANGBONG', 112.7194159, -7.3703879, 16),
(151, 'KEBOANANOM', 112.770331299999, -7.344766, 16),
(152, 'KEBOANSIKEP', 112.729299999999, -7.35259099999999, 16),
(153, 'KETAJEN', 112.712683999999, -7.456835, 16),
(154, 'KRAGAN', 112.718192, -7.37148369999999, 16),
(155, 'PUNGGUL', 112.7196817, -7.4155384, 16),
(156, 'SAWOTRATAP', 112.7047843, -7.39615499999999, 16),
(157, 'SERUNI', 112.728456, -7.389017, 16),
(158, 'TEBEL', 112.7494759, -7.3988088, 16),
(159, 'WEDI', 112.7137227, -7.40828939999999, 16),
(160, 'BANJAR KEMUNING', 112.7194159, -7.3703879, 17),
(161, 'BETRO', 112.777779499999, -7.3834273, 17),
(162, 'BUNCITAN', 112.7792692, -7.3997337, 17),
(163, 'CEMANDI', 112.7896966, -7.3928719, 17),
(164, 'GISIKCEMANDI', 112.7613933, -7.40573539999999, 17),
(165, 'KWANGSAN', 112.8057, -7.38957, 17),
(166, 'PABEAN', 112.771820899999, -7.4039153, 17),
(167, 'PEPE', 112.755434599999, -7.3682379, 17),
(168, 'PRANTI', 112.772565799999, -7.39442029999999, 17),
(169, 'PULUNGAN', 112.785227699999, -7.36916739999999, 17),
(170, 'SEDATI', 112.7986343, -7.3949134, 17),
(171, 'SEDATI GEDE', 112.758414, -7.3756404, 17),
(172, 'SEGORO TAMBAK', 112.8047968, -7.3694868, 17),
(173, 'SEMAMPIR', 112.7733106, -7.36980399999999, 17),
(174, 'ANGGASWANGI', 112.683927499999, -7.4199765, 18),
(175, 'DS. KEBONAGUNG', 112.630742699999, -7.3976157, 18),
(176, 'DS. WILAYUT', 112.6943559, -7.408064, 18),
(177, 'JOGOSATRU', 112.6764786, -7.4191134, 18),
(178, 'JUMPUTREJO', 112.68623, -7.39533, 18),
(179, 'KEBONAGUNG', 112.6329425, -7.3940987, 18),
(180, 'KELOPO SEPULUH', 112.662663, -7.419604, 18),
(181, 'KLOPOSEPULUH', 112.68623, -7.39533, 18),
(182, 'MASANGAN KULON', 112.6883969, -7.3831573, 18),
(183, 'MASANGAN WETAN', 112.651151799999, -7.38892429999999, 18),
(184, 'NGARESREJO', 112.698825199999, -7.3914287, 18),
(185, 'PANJUNAN', 112.669029599999, -7.4081558, 18),
(186, 'PEKARUNGAN', 112.722992299999, -7.463902, 18),
(187, 'SAMBUNGREJO', 112.680947899999, -7.4049961, 18),
(188, 'SUKODONO', 112.673785599999, -7.394667, 18),
(189, 'SURUH', 112.639233099999, -7.3895585, 18),
(190, 'DS. TROPODO', 112.763801, -7.371055, 15),
(191, 'DS. PABEAN', 112.574366999999, -7.42968599999999, 17),
(192, 'DS. TAMBAK SAWAH', 112.777596, -7.35947899999999, 15),
(193, 'WILAYUT', 112.6630703, -7.4185686, 18);

-- --------------------------------------------------------

--
-- Table structure for table `pembangunan`
--

CREATE TABLE IF NOT EXISTS `pembangunan` (
`id_pembangunan` int(11) NOT NULL,
  `id_kombinasi` int(11) NOT NULL DEFAULT '0',
  `id_lokasi` int(11) NOT NULL DEFAULT '0',
  `id_perumahan` int(11) NOT NULL DEFAULT '0',
  `renc_rss` int(11) DEFAULT NULL,
  `renc_rs` int(11) DEFAULT NULL,
  `renc_rm` int(11) DEFAULT NULL,
  `renc_mw` int(11) DEFAULT NULL,
  `renc_ruko` int(11) DEFAULT NULL,
  `real_rss` int(11) DEFAULT NULL,
  `real_rs` int(11) DEFAULT NULL,
  `real_rm` int(11) DEFAULT NULL,
  `real_mw` int(11) DEFAULT NULL,
  `real_ruko` int(11) DEFAULT NULL,
  `catatan` varchar(1024) DEFAULT NULL,
  `tahun` int(11) DEFAULT NULL,
  `triwulan` int(11) DEFAULT NULL
) ENGINE=InnoDB  DEFAULT CHARSET=latin1 AUTO_INCREMENT=618 ;

--
-- Dumping data for table `pembangunan`
--

INSERT INTO `pembangunan` (`id_pembangunan`, `id_kombinasi`, `id_lokasi`, `id_perumahan`, `renc_rss`, `renc_rs`, `renc_rm`, `renc_mw`, `renc_ruko`, `real_rss`, `real_rs`, `real_rm`, `real_mw`, `real_ruko`, `catatan`, `tahun`, `triwulan`) VALUES
(1, 1, 10, 1, 0, 0, 0, 0, 0, 0, 0, 0, 0, 0, '-', 2014, 1),
(2, 2, 18, 2, 0, 116, 235, 0, 0, 0, 98, 139, 0, 0, '-', 2014, 1),
(3, 3, 20, 307, 0, 0, 456, 218, 0, 0, 0, 51, 0, 0, NULL, 2014, 1),
(4, 4, 2, 308, 0, 0, 0, 0, 0, 0, 0, 0, 0, 0, '-', 2014, 1),
(5, 5, 12, 3, 841, 542, 0, 0, 0, 841, 535, 0, 0, 0, '-', 2014, 1),
(6, 6, 2, 309, 3081, 0, 0, 0, 0, 2339, 23, 0, 0, 0, '-', 2014, 1),
(7, 6, 16, 309, 886, 0, 0, 0, 0, 752, 0, 0, 0, 0, NULL, 2014, 1),
(8, 7, 14, 4, 0, 3006, 0, 0, 0, 0, 1220, 0, 0, 0, '-', 2014, 1),
(9, 7, 3, 4, 0, 3006, 0, 0, 0, 0, 1220, 0, 0, 0, '-', 2014, 1),
(10, 7, 16, 4, 59, 2392, 826, 0, 0, 59, 372, 749, 0, 0, '-', 2014, 1),
(11, 8, 1, 4, 59, 2392, 826, 0, 0, 59, 372, 749, 0, 0, '-', 2014, 1),
(12, 8, 10, 4, 0, 0, 0, 0, 0, 0, 0, 0, 0, 0, '-', 2014, 1),
(13, 9, 9, 310, 0, 0, 0, 0, 0, 0, 0, 0, 0, 0, NULL, 2014, 1),
(14, 9, 17, 310, 0, 0, 0, 0, 0, 0, 0, 0, 0, 0, NULL, 2014, 1),
(15, 9, 22, 310, 0, 0, 0, 0, 0, 0, 0, 0, 0, 0, NULL, 2014, 1),
(16, 9, 189, 310, 0, 0, 0, 0, 0, 0, 0, 0, 0, 0, NULL, 2014, 1),
(17, 9, 5, 310, 0, 0, 0, 0, 0, 0, 0, 0, 0, 0, NULL, 2014, 1),
(18, 9, 174, 310, 0, 0, 0, 0, 0, 0, 0, 0, 0, 0, NULL, 2014, 1),
(19, 9, 178, 310, 0, 0, 0, 0, 0, 0, 0, 0, 0, 0, NULL, 2014, 1),
(20, 9, 179, 310, 0, 0, 0, 0, 0, 0, 0, 0, 0, 0, NULL, 2014, 1),
(21, 10, 11, 311, 32, 945, 600, 66, NULL, 0, 547, 600, 0, 0, '-', 2014, 1),
(22, 10, 1, 311, 32, 945, 600, 66, NULL, 0, 547, 600, 0, 0, '-', 2014, 1),
(23, 11, 9, 5, 141, 620, 37, 308, 0, 0, 941, 759, 0, 0, '-', 2014, 1),
(24, 11, 30, 5, 141, 620, 37, 308, 0, 0, 941, 759, 0, 0, '-', 2014, 1),
(25, 12, 9, 6, 0, 573, 53, 25, 0, 0, 160, 281, 0, 0, NULL, 2014, 1),
(26, 12, 30, 6, 0, 573, 53, 25, 0, 0, 160, 281, 0, 0, NULL, 2014, 1),
(27, 13, 9, 7, 0, 307, 142, 0, 0, 0, 62, 18, 0, 0, '-', 2014, 1),
(28, 13, 30, 7, 0, 307, 142, 0, 0, 0, 62, 18, 0, 0, '-', 2014, 1),
(29, 14, 9, 8, 0, 173, 51, 32, 0, 0, 41, 0, 0, 0, '-', 2014, 1),
(30, 15, 10, 9, 327, 517, 126, 0, 0, 136, 250, 0, 0, 0, NULL, 2014, 1),
(31, 16, 23, 10, 130, 295, 28, 0, 0, 130, 122, 2, 0, 0, '-', 2014, 1),
(32, 16, 179, 10, 130, 295, 28, 0, 0, 130, 122, 2, 0, 0, '-', 2014, 1),
(33, 17, 8, 11, 111, 313, 0, 0, 0, 111, 313, 0, 0, 0, '-', 2014, 1),
(34, 18, 21, 12, 0, 959, 17, 0, 0, 0, 959, 17, 0, 0, '176/21-9-1999 400/19-2-2000 74/27-2-2001 08/15-1-2001 142/1-4-2002', 2014, 1),
(35, 18, 6, 12, 0, 959, 17, 0, 0, 0, 959, 17, 0, 0, '176/21-9-1999 400/19-2-2000 74/27-2-2001 08/15-1-2001 142/1-4-2002', 2014, 1),
(36, 19, 1, 13, 0, 577, 360, 0, 0, 0, 577, 324, 0, 0, '-', 2014, 1),
(37, 20, 9, 14, 1, 124, 95, 115, 0, 1, 124, 95, 115, 115, '-', 2014, 1),
(38, 21, 19, 15, 1096, 2588, 0, 0, 0, 1095, 2588, 0, 0, 0, '-', 2014, 1),
(39, 21, 52, 15, 1096, 2588, 0, 0, 0, 1095, 2588, 0, 0, 0, '-', 2014, 1),
(40, 21, 55, 15, 1096, 2588, 0, 0, 0, 1095, 2588, 0, 0, 0, '-', 2014, 1),
(41, 22, 8, 16, 0, 977, 109, 0, 0, 0, 412, 0, 0, 0, '-', 2014, 1),
(42, 23, 21, 17, 0, 1014, 622, 193, 52, 0, 1014, 469, 103, 103, NULL, 2014, 1),
(43, 23, 6, 17, 0, 0, 0, 0, 22, 0, 0, 0, 0, 22, NULL, 2014, 1),
(44, 23, 53, 17, 0, 480, 36, 0, 0, 0, 480, 36, 0, 0, NULL, 2014, 1),
(45, 24, 21, 18, 0, 319, 81, 0, 0, 0, 55, 0, 0, 0, NULL, 2014, 1),
(46, 25, 21, 312, 0, 721, 103, 0, 0, 0, 142, 9, 0, 0, NULL, 2014, 1),
(47, 25, 17, 312, 0, 0, 0, 0, 0, 0, 0, 0, 0, 0, NULL, 2014, 1),
(48, 26, 10, 19, 0, 65, 47, 68, 64, 0, 7, 5, 1, 39, '-', 2014, 1),
(49, 27, 8, 20, 0, 1619, 218, 0, 0, 0, 604, 282, 0, 0, '-', 2014, 1),
(50, 27, 16, 20, 0, 1619, 218, 0, 0, 0, 604, 282, 0, 0, '-', 2014, 1),
(51, 28, 8, 21, NULL, 201, NULL, NULL, NULL, NULL, 42, NULL, NULL, NULL, NULL, 2014, 1),
(52, 28, 16, 21, NULL, 201, NULL, NULL, NULL, NULL, 42, NULL, NULL, NULL, NULL, 2014, 1),
(53, 29, 2, 313, 101, 416, 24, 13, 0, 101, 416, 24, 13, 13, '-', 2014, 1),
(54, 29, 10, 313, 101, 416, 24, 13, 0, 101, 416, 24, 13, 13, '-', 2014, 1),
(55, 30, 30, 22, 0, 397, 150, 55, 61, 0, 278, 149, 12, 17, '-', 2014, 1),
(56, 30, 13, 22, 0, 397, 150, 55, 61, 0, 278, 149, 12, 17, '-', 2014, 1),
(57, 31, 30, 23, 0, 215, 74, 19, 0, 0, 0, 0, 0, 0, NULL, 2014, 1),
(58, 31, 13, 23, 0, 215, 74, 19, 0, 0, 0, 0, 0, 0, NULL, 2014, 1),
(59, 32, 6, 314, 0, 0, 0, 0, 0, 0, 0, 0, 0, 0, '-', 2014, 1),
(60, 32, 22, 314, 0, 0, 0, 0, 0, 0, 0, 0, 0, 0, '-', 2014, 1),
(61, 33, 16, 24, 0, 217, 0, 0, 15, 0, 156, 0, 0, 0, '-', 2014, 1),
(62, 34, 17, 25, 150, 501, 0, 0, 6, 150, 501, 0, 0, 4, '-', 2014, 1),
(63, 34, 22, 25, 150, 501, 0, 0, 6, 150, 501, 0, 0, 4, '-', 2014, 1),
(64, 35, 2, 26, 0, 270, 0, 0, 63, 0, 270, 0, 0, 63, '-', 2014, 1),
(65, 36, 2, 27, 0, 244, 108, 0, 40, 0, 347, 46, 0, 0, '-', 2014, 1),
(66, 37, 18, 28, 0, 424, 160, 22, 35, 0, 386, 81, 5, 22, '-', 2014, 1),
(67, 38, 17, 29, 0, 848, 0, 0, 0, 0, 412, 0, 0, 0, '-', 2014, 1),
(68, 39, 1, 30, 0, 140, 229, 0, 12, 0, 80, 97, 0, 8, NULL, 2014, 1),
(69, 39, 9, 30, 0, 140, 229, 0, 12, 0, 80, 97, 0, 8, NULL, 2014, 1),
(70, 40, 6, 31, 0, 256, 153, 34, 0, 0, 170, 14, 0, 0, '-', 2014, 1),
(71, 41, 9, 32, 0, 0, 24, 135, 23, 0, 0, 0, 0, 0, '-', 2014, 1),
(72, 41, 22, 32, 0, 0, 24, 135, 23, 0, 0, 0, 0, 0, '-', 2014, 1),
(73, 42, 20, 33, 0, 49, 9, 0, 0, 0, 0, 0, 0, 0, '-', 2014, 1),
(74, 43, 21, 34, 0, 139, 0, 0, 0, 0, 139, 0, 0, 0, '-', 2014, 1),
(75, 44, 10, 35, 0, 142, 24, 0, 18, 0, 49, 1, 0, 2, NULL, 2014, 1),
(76, 45, 2, 36, 0, 195, 0, 0, 29, 0, 42, 0, 0, 0, NULL, 2014, 1),
(77, 46, 23, 315, 0, 0, 0, 0, 0, 0, 0, 0, 0, 0, NULL, 2014, 1),
(78, 47, 2, 316, 0, 0, 0, 0, 0, 0, 0, 0, 0, 0, '-', 2014, 1),
(79, 47, 16, 316, 0, 0, 0, 0, 0, 0, 0, 0, 0, 0, '-', 2014, 1),
(80, 48, 17, 317, 0, 0, 0, 0, 0, 0, 0, 0, 0, 0, '-', 2014, 1),
(81, 48, 17, 317, 0, 0, 0, 0, 0, 0, 0, 0, 0, 0, '-', 2014, 1),
(82, 49, 23, 318, 0, 0, 0, 0, 0, 0, 0, 0, 0, 0, '-', 2014, 1),
(83, 50, 23, 319, 0, 0, 0, 0, 0, 0, 0, 0, 0, 0, '-', 2014, 1),
(84, 51, 21, 37, 0, 277, 10, 0, 17, 0, 277, 10, 0, 14, '-', 2014, 1),
(85, 52, 19, 38, 0, 42, 104, 1, 77, 0, 42, 25, 1, 42, NULL, 2014, 1),
(86, 53, 17, 39, 0, 0, 34, 0, 30, 0, 0, 9, 0, 30, NULL, 2014, 1),
(87, 54, 17, 40, 0, 419, 95, 0, 0, 0, 25, 0, 0, 0, NULL, 2014, 1),
(88, 55, 17, 37, 0, 45, 2, 0, 0, 0, 8, 0, 0, 0, NULL, 2014, 1),
(89, 56, 21, 41, 0, 244, 3, 0, 0, 0, 124, 0, 0, 0, NULL, 2014, 1),
(90, 56, 7, 41, 0, 476, 86, 0, 0, 0, 323, 54, 0, 0, NULL, 2014, 1),
(91, 57, 27, 42, 0, 476, 86, 0, 0, 0, 323, 54, 0, 0, NULL, 2014, 1),
(92, 58, 21, 43, 0, 1162, 0, 0, 0, 0, 271, 0, 0, 0, NULL, 2014, 1),
(93, 59, 23, 44, 0, 91, 0, 0, 1, 0, 0, 0, 0, 0, NULL, 2014, 1),
(94, 60, 19, 45, 0, 82, 58, 2, 77, 0, 0, 0, 0, 0, NULL, 2014, 1),
(95, 60, 1, 45, 0, 34, 0, 0, 2, 0, 0, 0, 0, 0, NULL, 2014, 1),
(96, 61, 9, 46, 0, 38, 0, 0, 0, NULL, NULL, NULL, NULL, NULL, NULL, 2014, 1),
(97, 61, 6, 46, 0, 38, 0, 0, 0, NULL, NULL, NULL, NULL, NULL, NULL, 2014, 1),
(98, 62, 4, 47, 0, 324, 0, 0, 10, NULL, NULL, NULL, NULL, NULL, NULL, 2014, 1),
(99, 63, 25, 320, 0, 0, 0, 0, 0, 0, 0, 0, 0, 0, '-', 2014, 1),
(100, 64, 34, 321, 130, 1032, 0, 0, 0, 0, 0, 0, 0, 0, '-', 2014, 1),
(101, 64, 34, 321, 0, 685, 428, 0, 0, 0, 0, 0, 0, 0, NULL, 2014, 1),
(102, 64, 34, 321, 0, 684, 86, 0, 0, 0, 0, 0, 0, 0, NULL, 2014, 1),
(103, 64, 34, 321, 0, 1004, 110, 0, 87, 0, 0, 0, 0, 0, NULL, 2014, 1),
(104, 65, 34, 48, 0, 685, 428, 0, 0, 0, 0, 0, 0, 0, NULL, 2014, 1),
(105, 65, 34, 48, 0, 684, 86, 0, 0, 0, 0, 0, 0, 0, NULL, 2014, 1),
(106, 65, 34, 48, 0, 1004, 110, 0, 87, 0, 0, 0, 0, 0, NULL, 2014, 1),
(107, 66, 34, 49, 0, 718, 68, 0, 0, 0, 509, 29, 0, 0, NULL, 2014, 1),
(108, 66, 25, 49, 0, 718, 68, 0, 0, 0, 509, 29, 0, 0, NULL, 2014, 1),
(109, 67, 29, 322, 0, 0, 0, 0, 0, 0, 0, 0, 0, 0, NULL, 2014, 1),
(110, 68, 33, 323, 0, 0, 0, 0, 0, 0, 0, 0, 0, 0, NULL, 2014, 1),
(111, 68, 13, 323, 0, 0, 0, 0, 0, 0, 0, 0, 0, 0, NULL, 2014, 1),
(112, 69, 34, 324, 0, 0, 0, 0, 0, 0, 0, 0, 0, 0, '-', 2014, 1),
(113, 70, 30, 325, 0, 0, 178, 0, 0, 0, 0, 0, 0, 0, NULL, 2014, 1),
(114, 71, 32, 326, 0, 0, 0, 0, 0, 0, 0, 0, 0, 0, '-', 2014, 1),
(115, 71, 29, 326, 0, 0, 0, 0, 0, 0, 0, 0, 0, 0, '-', 2014, 1),
(116, 72, 30, 50, 0, 0, 130, 0, 36, 0, 0, 220, 0, 94, '-', 2014, 1),
(117, 73, 33, 51, 0, 535, 0, 0, 0, 125, 180, 0, 0, 0, '-', 2014, 1),
(118, 74, 31, 327, 0, 0, 0, 0, 0, 0, 0, 0, 0, 0, NULL, 2014, 1),
(119, 75, 31, 328, 0, 0, 0, 0, 0, 0, 0, 0, 0, 0, NULL, 2014, 1),
(120, 76, 34, 329, 0, 0, 0, 0, 0, 0, 0, 0, 0, 0, NULL, 2014, 1),
(121, 77, 141, 52, 85, 93, 0, 0, 0, 85, 88, 0, 0, 0, NULL, 2014, 1),
(122, 77, 141, 52, 61, 0, 0, 0, 0, 75, 0, 0, 0, 0, NULL, 2014, 1),
(123, 77, 141, 52, 32, 85, 0, 0, 0, 0, 157, 0, 0, 0, NULL, 2014, 1),
(124, 78, 32, 53, 0, 232, 607, 38, 62, 0, 40, 550, 0, 62, NULL, 2014, 1),
(125, 78, 29, 53, 0, 232, 607, 38, 62, 0, 40, 550, 0, 62, NULL, 2014, 1),
(126, 79, 33, 54, 0, 0, 0, 0, 0, 0, 0, 0, 0, 0, NULL, 2014, 1),
(127, 79, 35, 54, 0, 606, 0, 0, 20, 0, 0, 0, 0, 0, NULL, 2014, 1),
(128, 80, 32, 55, 0, 626, 0, 0, 100, 0, 427, 0, 0, 0, NULL, 2014, 1),
(129, 80, 160, 55, 0, 626, 0, 0, 100, 0, 427, 0, 0, 0, NULL, 2014, 1),
(130, 80, 35, 55, 0, 626, 0, 0, 100, 0, 427, 0, 0, 0, NULL, 2014, 1),
(131, 80, 178, 55, 0, 626, 0, 0, 100, 0, 427, 0, 0, 0, NULL, 2014, 1),
(132, 81, 24, 330, 0, 0, 0, 0, 0, 0, 0, 0, 0, 0, NULL, 2014, 1),
(133, 82, 31, 331, 0, 0, 0, 0, 0, 0, 0, 0, 0, 0, NULL, 2014, 1),
(134, 83, 32, 56, 0, 382, 42, 0, 18, 0, 320, 4, 0, 8, NULL, 2014, 1),
(135, 84, 24, 332, 0, 0, 0, 0, 0, 0, 0, 0, 0, 0, NULL, 2014, 1),
(136, 85, 28, 57, 0, 260, 22, 0, 0, 0, 186, 1, 0, 0, NULL, 2014, 1),
(137, 86, 26, 333, 0, 0, 0, 0, 0, 0, 0, 0, 0, 0, NULL, 2014, 1),
(138, 87, 32, 334, 0, 0, 0, 0, 0, 0, 0, 0, 0, 0, NULL, 2014, 1),
(139, 88, 34, 58, 0, 274, 31, 0, 0, 0, 199, 4, 0, 0, NULL, 2014, 1),
(140, 89, 32, 59, 0, 255, 93, 0, 0, 0, 211, 45, 0, 0, NULL, 2014, 1),
(141, 90, 32, 60, 0, 125, 10, 0, 0, 0, 125, 7, 0, 0, NULL, 2014, 1),
(142, 91, 32, 61, 0, 0, 0, 0, 0, 0, 125, 7, 0, 0, NULL, 2014, 1),
(143, 92, 32, 62, 0, 0, 0, 0, 0, 0, 0, 0, 0, 0, NULL, 2014, 1),
(144, 93, 32, 335, 0, 0, 0, 0, 0, 0, 0, 0, 0, 0, NULL, 2014, 1),
(145, 94, 13, 336, 0, 0, 0, 0, 0, 0, 0, 0, 0, 0, NULL, 2014, 1),
(146, 94, 30, 336, 0, 0, 0, 0, 0, 0, 0, 0, 0, 0, NULL, 2014, 1),
(147, 95, 31, 63, 0, 292, 73, 0, 0, 0, 0, 0, 0, 0, NULL, 2014, 1),
(148, 95, 28, 63, 0, 292, 73, 0, 0, 0, 0, 0, 0, 0, NULL, 2014, 1),
(149, 96, 29, 337, 0, 0, 0, 0, 0, 0, 0, 0, 0, 0, NULL, 2014, 1),
(150, 97, 28, 64, 0, 103, 0, 0, 0, 0, 80, 0, 0, 0, NULL, 2014, 1),
(151, 98, 32, 65, 0, 259, 78, 0, 10, 0, 94, 5, 0, 0, NULL, 2014, 1),
(152, 99, 33, 66, 0, 528, 17, 0, 25, 0, 322, 7, 0, 4, NULL, 2014, 1),
(153, 100, 29, 338, 0, 0, 0, 0, 0, 0, 0, 0, 0, 0, '-', 2014, 1),
(154, 101, 33, 67, 0, 1074, 270, 0, 44, 0, 148, 0, 0, 0, '1.   Pengajuan Site Plan disetujui Bupati Tgl 8 Mei 2001 An. PT. YEKAPE SURABAYA 2.   Revisi Site Plan ke 1  Tgl 17 April 2006 Nomor : 188/306/404.1.1.9/2006 An. PT. Yekape Surabaya 3.    Revisi Site Plan ke 2 Tgl 27 April 2007 Nomor : 188/196/404.1.1.3/2007 An. PT. Yekape Surabaya 4.    Revisi Site Plan ke 3 Tgl 30 Maret 2011 Nomor : 188/309/404.1.3.2/2011 An. PT. Guna Bangun Persada Nama Perumahan Griya Ciptaningati Regency 5.     Revisi Site Plan ke 4 Tgl 3 September 2012 Nomor : 188/782/404.1.3.2/2012 an. PT. Guna Bangun Perkasa', 2014, 1),
(155, 101, 30, 67, 0, 1074, 270, 0, 44, 0, 148, 0, 0, 0, '1.   Pengajuan Site Plan disetujui Bupati Tgl 8 Mei 2001 An. PT. YEKAPE SURABAYA 2.   Revisi Site Plan ke 1  Tgl 17 April 2006 Nomor : 188/306/404.1.1.9/2006 An. PT. Yekape Surabaya 3.    Revisi Site Plan ke 2 Tgl 27 April 2007 Nomor : 188/196/404.1.1.3/2007 An. PT. Yekape Surabaya 4.    Revisi Site Plan ke 3 Tgl 30 Maret 2011 Nomor : 188/309/404.1.3.2/2011 An. PT. Guna Bangun Persada Nama Perumahan Griya Ciptaningati Regency 5.     Revisi Site Plan ke 4 Tgl 3 September 2012 Nomor : 188/782/404.1.3.2/2012 an. PT. Guna Bangun Perkasa', 2014, 1),
(156, 101, 29, 67, 0, 1074, 270, 0, 44, 0, 148, 0, 0, 0, '1.   Pengajuan Site Plan disetujui Bupati Tgl 8 Mei 2001 An. PT. YEKAPE SURABAYA 2.   Revisi Site Plan ke 1  Tgl 17 April 2006 Nomor : 188/306/404.1.1.9/2006 An. PT. Yekape Surabaya 3.    Revisi Site Plan ke 2 Tgl 27 April 2007 Nomor : 188/196/404.1.1.3/2007 An. PT. Yekape Surabaya 4.    Revisi Site Plan ke 3 Tgl 30 Maret 2011 Nomor : 188/309/404.1.3.2/2011 An. PT. Guna Bangun Persada Nama Perumahan Griya Ciptaningati Regency 5.     Revisi Site Plan ke 4 Tgl 3 September 2012 Nomor : 188/782/404.1.3.2/2012 an. PT. Guna Bangun Perkasa', 2014, 1),
(157, 102, 33, 68, 0, 1074, 270, 0, 44, 0, 148, 0, 0, 0, '1.   Pengajuan Site Plan disetujui Bupati Tgl 8 Mei 2001 An. PT. YEKAPE SURABAYA 2.   Revisi Site Plan ke 1  Tgl 17 April 2006 Nomor : 188/306/404.1.1.9/2006 An. PT. Yekape Surabaya 3.    Revisi Site Plan ke 2 Tgl 27 April 2007 Nomor : 188/196/404.1.1.3/2007 An. PT. Yekape Surabaya 4.    Revisi Site Plan ke 3 Tgl 30 Maret 2011 Nomor : 188/309/404.1.3.2/2011 An. PT. Guna Bangun Persada Nama Perumahan Griya Ciptaningati Regency 5.     Revisi Site Plan ke 4 Tgl 3 September 2012 Nomor : 188/782/404.1.3.2/2012 an. PT. Guna Bangun Perkasa', 2014, 1),
(158, 102, 30, 68, 0, 1074, 270, 0, 44, 0, 148, 0, 0, 0, '1.   Pengajuan Site Plan disetujui Bupati Tgl 8 Mei 2001 An. PT. YEKAPE SURABAYA 2.   Revisi Site Plan ke 1  Tgl 17 April 2006 Nomor : 188/306/404.1.1.9/2006 An. PT. Yekape Surabaya 3.    Revisi Site Plan ke 2 Tgl 27 April 2007 Nomor : 188/196/404.1.1.3/2007 An. PT. Yekape Surabaya 4.    Revisi Site Plan ke 3 Tgl 30 Maret 2011 Nomor : 188/309/404.1.3.2/2011 An. PT. Guna Bangun Persada Nama Perumahan Griya Ciptaningati Regency 5.     Revisi Site Plan ke 4 Tgl 3 September 2012 Nomor : 188/782/404.1.3.2/2012 an. PT. Guna Bangun Perkasa', 2014, 1),
(159, 102, 29, 68, 0, 1074, 270, 0, 44, 0, 148, 0, 0, 0, '1.   Pengajuan Site Plan disetujui Bupati Tgl 8 Mei 2001 An. PT. YEKAPE SURABAYA 2.   Revisi Site Plan ke 1  Tgl 17 April 2006 Nomor : 188/306/404.1.1.9/2006 An. PT. Yekape Surabaya 3.    Revisi Site Plan ke 2 Tgl 27 April 2007 Nomor : 188/196/404.1.1.3/2007 An. PT. Yekape Surabaya 4.    Revisi Site Plan ke 3 Tgl 30 Maret 2011 Nomor : 188/309/404.1.3.2/2011 An. PT. Guna Bangun Persada Nama Perumahan Griya Ciptaningati Regency 5.     Revisi Site Plan ke 4 Tgl 3 September 2012 Nomor : 188/782/404.1.3.2/2012 an. PT. Guna Bangun Perkasa', 2014, 1),
(160, 103, 33, 69, 0, 1074, 270, 0, 44, 0, 148, 0, 0, 0, '1.   Pengajuan Site Plan disetujui Bupati Tgl 8 Mei 2001 An. PT. YEKAPE SURABAYA 2.   Revisi Site Plan ke 1  Tgl 17 April 2006 Nomor : 188/306/404.1.1.9/2006 An. PT. Yekape Surabaya 3.    Revisi Site Plan ke 2 Tgl 27 April 2007 Nomor : 188/196/404.1.1.3/2007 An. PT. Yekape Surabaya 4.    Revisi Site Plan ke 3 Tgl 30 Maret 2011 Nomor : 188/309/404.1.3.2/2011 An. PT. Guna Bangun Persada Nama Perumahan Griya Ciptaningati Regency 5.     Revisi Site Plan ke 4 Tgl 3 September 2012 Nomor : 188/782/404.1.3.2/2012 an. PT. Guna Bangun Perkasa', 2014, 1),
(161, 103, 30, 69, 0, 1074, 270, 0, 44, 0, 148, 0, 0, 0, '1.   Pengajuan Site Plan disetujui Bupati Tgl 8 Mei 2001 An. PT. YEKAPE SURABAYA 2.   Revisi Site Plan ke 1  Tgl 17 April 2006 Nomor : 188/306/404.1.1.9/2006 An. PT. Yekape Surabaya 3.    Revisi Site Plan ke 2 Tgl 27 April 2007 Nomor : 188/196/404.1.1.3/2007 An. PT. Yekape Surabaya 4.    Revisi Site Plan ke 3 Tgl 30 Maret 2011 Nomor : 188/309/404.1.3.2/2011 An. PT. Guna Bangun Persada Nama Perumahan Griya Ciptaningati Regency 5.     Revisi Site Plan ke 4 Tgl 3 September 2012 Nomor : 188/782/404.1.3.2/2012 an. PT. Guna Bangun Perkasa', 2014, 1),
(162, 103, 29, 69, 0, 1074, 270, 0, 44, 0, 148, 0, 0, 0, '1.   Pengajuan Site Plan disetujui Bupati Tgl 8 Mei 2001 An. PT. YEKAPE SURABAYA 2.   Revisi Site Plan ke 1  Tgl 17 April 2006 Nomor : 188/306/404.1.1.9/2006 An. PT. Yekape Surabaya 3.    Revisi Site Plan ke 2 Tgl 27 April 2007 Nomor : 188/196/404.1.1.3/2007 An. PT. Yekape Surabaya 4.    Revisi Site Plan ke 3 Tgl 30 Maret 2011 Nomor : 188/309/404.1.3.2/2011 An. PT. Guna Bangun Persada Nama Perumahan Griya Ciptaningati Regency 5.     Revisi Site Plan ke 4 Tgl 3 September 2012 Nomor : 188/782/404.1.3.2/2012 an. PT. Guna Bangun Perkasa', 2014, 1),
(163, 104, 28, 69, 837, 591, 0, 0, 0, 837, 472, 0, 0, 0, '-', 2014, 1),
(164, 104, 26, 69, 837, 591, 0, 0, 0, 837, 472, 0, 0, 0, '-', 2014, 1),
(165, 105, 26, 339, 0, 0, 0, 0, 0, 0, 0, 0, 0, 0, '-', 2014, 1),
(166, 106, 31, 70, 0, 903, 0, 0, 0, 0, 0, 0, 0, 0, '-', 2014, 1),
(167, 107, 28, 71, 0, 118, 0, 0, 0, 0, 69, 0, 0, 0, NULL, 2014, 1),
(168, 108, 29, 72, 0, 65, 0, 0, 0, 0, 0, 0, 0, 0, NULL, 2014, 1),
(169, 109, 28, 73, NULL, 524, 98, 0, 43, 0, 0, 0, 0, 0, NULL, 2014, 1),
(170, 110, 73, 74, 660, 214, 24, 0, 13, 0, 0, 0, 0, 0, '-', 2014, 1),
(171, 111, 73, 75, 592, 494, 12, 0, 0, 521, 0, 0, 0, 0, '-', 2014, 1),
(172, 112, 71, 76, 629, 790, 166, 0, 0, 0, 0, 0, 0, 0, '-', 2014, 1),
(173, 113, 75, 340, 652, 675, 33, 0, 0, 471, 246, 0, 0, 0, '-', 2014, 1),
(174, 114, 73, 77, 0, 170, 0, 0, 0, 0, 0, 0, 0, 0, '-', 2014, 1),
(175, 115, 73, 78, 117, 202, 0, 0, 0, 147, 233, 0, 0, 0, '-', 2014, 1),
(176, 116, 73, 79, 221, 146, 0, 0, 0, 0, 0, 0, 0, 0, NULL, 2014, 1),
(177, 117, 78, 80, 26, 53, 0, 0, 0, 52, 92, 10, 0, 0, '-', 2014, 1),
(178, 118, 73, 81, 0, 232, 0, 0, 0, 0, 232, 0, 0, 0, NULL, 2014, 1),
(179, 119, 76, 82, 0, 126, 403, 0, 261, 0, 10, 73, 0, 92, NULL, 2014, 1),
(180, 120, 72, 83, 0, 149, 0, 0, 0, 0, 0, 0, 0, 0, NULL, 2014, 1),
(181, 121, 72, 84, 0, 1307, 0, 0, 0, 0, 619, 0, 0, 0, NULL, 2014, 1),
(182, 122, 75, 341, 0, 0, 0, 0, 0, 0, 0, 0, 0, 0, NULL, 2014, 1),
(183, 123, 70, 342, 0, 0, 0, 0, 0, 0, 0, 0, 0, 0, NULL, 2014, 1),
(184, 124, 75, 343, 0, 0, 0, 0, 0, 0, 0, 0, 0, 0, NULL, 2014, 1),
(185, 124, 75, 343, 0, 0, 0, 0, 0, 0, 0, 0, 0, 0, NULL, 2014, 1),
(186, 124, 70, 343, 0, 0, 0, 0, 0, 0, 0, 0, 0, 0, NULL, 2014, 1),
(187, 125, 74, 85, 0, 0, 0, 0, 349, 0, 0, 0, 0, 198, NULL, 2014, 1),
(188, 126, 73, 344, 0, 0, 0, 0, 0, 0, 0, 0, 0, 0, NULL, 2014, 1),
(189, 127, 77, 86, 0, 77, 22, 0, 0, 0, 0, 0, 0, 0, NULL, 2014, 1),
(190, 128, 140, 87, 0, 416, 0, 0, 0, 0, 211, 0, 0, 0, '-', 2014, 1),
(191, 129, 132, 88, 0, 88, 192, 19, 0, 0, 23, 17, 0, 0, NULL, 2014, 1),
(192, 130, 134, 88, 0, 0, 414, 528, 0, 0, 66, 95, 0, 0, NULL, 2014, 1),
(193, 131, 143, 89, 0, 187, 116, 0, 35, 0, 187, 116, 0, 0, '-', 2014, 1),
(194, 131, 143, 89, NULL, NULL, 385, 201, NULL, NULL, NULL, NULL, NULL, NULL, NULL, 2014, 1),
(195, 131, 143, 89, NULL, NULL, 621, NULL, NULL, NULL, NULL, NULL, NULL, NULL, NULL, 2014, 1),
(196, 131, 143, 89, NULL, NULL, 621, NULL, NULL, NULL, NULL, NULL, NULL, NULL, NULL, 2014, 1),
(197, 132, 134, 90, 0, 343, 1011, 394, 0, 0, 463, 886, 221, 0, 'TAMBAHAN NO. IMB : 256/3-10-99 104/6-6-00 381/29-11-00 406/14-12-01', 2014, 1),
(198, 133, 140, 91, 0, 402, 82, 2, 0, 251, 20, 0, 0, 0, '-', 2014, 1),
(199, 134, 135, 92, 0, 0, 0, 0, 0, 0, 0, 0, 0, 0, '-', 2014, 1),
(200, 135, 140, 93, 0, 46, 154, 0, 0, 0, 0, 176, 0, 0, '-', 2014, 1),
(201, 136, 140, 94, 0, 53, 6, 0, 0, 0, 0, 0, 0, 0, '-', 2014, 1),
(202, 137, 137, 95, 0, 0, 0, 0, 0, 0, 0, 0, 0, 0, '-', 2014, 1),
(203, 137, 136, 95, 0, 0, 0, 0, 0, 0, 0, 0, 0, 0, '-', 2014, 1),
(204, 138, 36, 95, 0, 0, 0, 0, 0, 0, 0, 0, 0, 0, '-', 2014, 1),
(205, 139, 133, 96, 0, 60, 0, 0, 0, 0, 100, 0, 0, 0, '-', 2014, 1),
(206, 140, 127, 345, 0, 0, 0, 0, 0, 0, 0, 0, 0, 0, '-', 2014, 1),
(207, 141, 137, 346, 202, 0, 112, 0, 0, 202, 112, 0, 0, 0, '-', 2014, 1),
(208, 141, 137, 346, 701, NULL, NULL, NULL, NULL, 701, 0, 0, 0, 0, NULL, 2014, 1),
(209, 142, 131, 97, 0, 0, 0, 0, 0, 0, 0, 0, 0, 0, '-', 2014, 1),
(210, 143, 138, 347, 0, 0, 0, 0, 0, 0, 0, 0, 0, 0, '-', 2014, 1),
(211, 143, 137, 347, 0, 0, 0, 0, 0, 0, 0, 0, 0, 0, '-', 2014, 1),
(212, 143, 127, 347, 0, 325, 0, 0, 329, 0, 324, 0, 0, 142, '-', 2014, 1),
(213, 144, 137, 347, 0, 0, 0, 0, 0, 0, 0, 0, 0, 0, '-', 2014, 1),
(214, 145, 141, 348, 0, 0, 0, 0, 0, 0, 0, 0, 0, 0, '-', 2014, 1),
(215, 145, 126, 348, 0, 0, 0, 0, 0, 0, 0, 0, 0, 0, '-', 2014, 1),
(216, 146, 118, 349, 0, 1306, 29, 0, 0, 0, 0, 0, 0, 0, '-', 2014, 1),
(217, 147, 141, 350, 0, 0, 0, 0, 0, 0, 0, 0, 0, 0, NULL, 2014, 1),
(218, 147, 126, 350, 0, 0, 0, 0, 0, 0, 0, 0, 0, 0, NULL, 2014, 1),
(219, 148, 136, 351, 0, 163, 0, 0, 0, 0, 0, 0, 0, 0, '-', 2014, 1),
(220, 149, 135, 352, 0, 0, 0, 0, 0, 0, 0, 0, 0, 0, '-', 2014, 1),
(221, 150, 135, 98, 0, 282, 123, 0, 0, 0, 264, 97, 0, 0, '-', 2014, 1),
(222, 150, 142, 98, 0, 72, 45, 0, 0, 0, 0, 0, 0, 0, NULL, 2014, 1),
(223, 151, 134, 99, 0, 0, 0, 0, 0, 0, 0, 0, 0, 0, NULL, 2014, 1),
(224, 152, 137, 99, 0, 0, 0, 0, 0, 0, 0, 0, 0, 0, NULL, 2014, 1),
(225, 153, 137, 353, 0, 0, 0, 0, 0, 0, 0, 0, 0, 0, NULL, 2014, 1),
(226, 154, 143, 354, 0, 0, 42, 1, 0, 0, 0, 30, 1, 0, NULL, 2014, 1),
(227, 155, 130, 355, 0, 0, 0, 0, 0, 0, 0, 0, 0, 0, NULL, 2014, 1),
(228, 155, 129, 355, 0, 0, 0, 0, 0, 0, 0, 0, 0, 0, NULL, 2014, 1),
(229, 156, 137, 100, 0, 0, 0, 0, 0, 0, 0, 0, 0, 0, NULL, 2014, 1),
(230, 157, 137, 356, 0, 0, 0, 0, 0, 0, 0, 0, 0, 0, NULL, 2014, 1),
(231, 158, 190, 357, 0, 0, 218, 0, 0, 0, 0, 190, 0, 0, NULL, 2014, 1),
(232, 158, 191, 357, 0, 0, 218, 0, 0, 0, 0, 190, 0, 0, NULL, 2014, 1),
(233, 158, 192, 357, 0, 0, 260, 0, 6, 0, 0, 180, 0, 6, NULL, 2014, 1),
(234, 159, 138, 358, 0, 66, 0, 0, 1, 0, 25, 0, 0, 0, NULL, 2014, 1),
(235, 160, 138, 101, 0, 24, 0, 0, 2, 0, 0, 0, 0, 0, NULL, 2014, 1),
(236, 161, 143, 101, 0, 36, 0, 0, 0, 0, 0, 0, 0, 0, NULL, 2014, 1),
(237, 162, 136, 102, 0, 129, 0, 0, 18, 0, 0, 0, 0, 0, NULL, 2014, 1),
(238, 163, 137, 103, 0, 185, 0, 0, 0, 0, 10, 0, 0, 0, NULL, 2014, 1),
(239, 164, 140, 104, 0, 88, 2, 0, 0, 0, 0, 0, 0, 0, NULL, 2014, 1),
(240, 165, 141, 105, 0, 101, 0, 0, 0, 0, 0, 0, 0, 0, NULL, 2014, 1),
(241, 166, 137, 106, 0, 166, 0, 0, 12, 0, 0, 0, 0, 0, NULL, 2014, 1),
(242, 167, 139, 107, 0, 10, 0, 0, 0, 0, 0, 0, 0, 0, NULL, 2014, 1),
(243, 168, 136, 108, 0, 0, 0, 64, 99, NULL, NULL, NULL, NULL, NULL, NULL, 2014, 1),
(244, 169, 139, 109, 0, 43, 0, 0, 0, NULL, NULL, NULL, NULL, NULL, NULL, 2014, 1),
(245, 170, 167, 110, 212, 347, 23, 0, 0, 157, 61, 0, 0, 0, '-', 2014, 1),
(246, 171, 166, 111, 54, 511, 25, 0, 0, 24, 511, 25, 0, 0, '-', 2014, 1),
(247, 172, 162, 112, 0, 0, 0, 0, 0, 0, 0, 0, 0, 0, '-', 2014, 1),
(248, 172, 170, 112, 0, 0, 0, 0, 0, 0, 0, 0, 0, 0, '-', 2014, 1),
(249, 173, 162, 359, 0, 0, 0, 0, 0, 0, 0, 0, 0, 0, NULL, 2014, 1),
(250, 173, 167, 359, 0, 0, 0, 0, 0, 0, 0, 0, 0, 0, NULL, 2014, 1),
(251, 174, 163, 360, 0, 455, 14, 0, 10, 367, 4, 0, 0, 6, '-', 2014, 1),
(252, 175, 167, 361, 0, 1781, 0, 0, 0, 0, 1126, 0, 0, 0, '-', 2014, 1),
(253, 175, 169, 361, 0, 1781, 0, 0, 0, 0, 1126, 0, 0, 0, '-', 2014, 1),
(254, 176, 166, 362, 0, 0, 0, 0, 0, 0, 0, 0, 0, 0, NULL, 2014, 1),
(255, 177, 172, 113, 0, 0, 0, 0, 0, 0, 0, 0, 0, 0, '-', 2014, 1),
(256, 177, 160, 113, 0, 0, 0, 0, 0, 0, 0, 0, 0, 0, '-', 2014, 1),
(257, 178, 172, 114, 0, 0, 0, 0, 0, 0, 0, 0, 0, 0, '-', 2014, 1),
(258, 179, 167, 363, 51, 170, 0, 0, 0, 41, 0, 0, 0, 0, '-', 2014, 1),
(259, 180, 163, 364, 0, 0, 0, 0, 0, 0, 0, 0, 0, 0, '-', 2014, 1),
(260, 181, 163, 365, 0, 0, 0, 0, 0, 0, 0, 0, 0, 0, NULL, 2014, 1),
(261, 182, 166, 366, 0, 0, 0, 0, 0, 91, 110, 0, 0, 0, '-', 2014, 1),
(262, 183, 173, 367, 339, 62, 0, 0, 0, 0, 0, 0, 0, 0, '-', 2014, 1),
(263, 183, 166, 367, 339, 62, 0, 0, 0, 0, 0, 0, 0, 0, '-', 2014, 1),
(264, 183, 140, 367, 339, 62, 0, 0, 0, 0, 0, 0, 0, 0, '-', 2014, 1),
(265, 183, 171, 367, 0, 0, 0, 0, 0, 0, 0, 0, 0, 0, '-', 2014, 1),
(266, 184, 166, 368, 0, 432, 78, 0, 0, 0, 432, 78, 0, 0, NULL, 2014, 1),
(267, 185, 171, 369, 0, 235, 0, 0, 0, 0, 235, 0, 0, 0, '-', 2014, 1),
(268, 186, 166, 370, 0, 57, 29, 39, 0, 0, 13, 6, 2, 0, NULL, 2014, 1),
(269, 187, 171, 115, 0, 0, 0, 0, 0, 0, 0, 0, 0, 0, NULL, 2014, 1),
(270, 188, 173, 116, 0, 0, 0, 0, 0, 0, 0, 0, 0, 0, '-', 2014, 1),
(271, 189, 172, 117, 0, 418, 0, 0, 0, 0, 157, 0, 0, 0, NULL, 2014, 1),
(272, 190, 164, 371, 0, 0, 0, 0, 0, 0, 0, 0, 0, 0, '-', 2014, 1),
(273, 190, 163, 371, 0, 0, 0, 0, 0, 0, 0, 0, 0, 0, '-', 2014, 1),
(274, 191, 164, 372, 0, 0, 0, 0, 0, 0, 0, 0, 0, 0, '-', 2014, 1),
(275, 192, 172, 118, 0, 0, 0, 0, 0, 0, 0, 0, 0, 0, '-', 2014, 1),
(276, 193, 171, 373, 0, 0, 0, 0, 0, 0, 0, 0, 0, 0, '-', 2014, 1),
(277, 194, 166, 374, 0, 0, 0, 0, 0, 0, 0, 0, 0, 0, '-', 2014, 1),
(278, 195, 167, 375, 0, 61, 154, 0, 0, 0, 0, 0, 0, 0, '-', 2014, 1),
(279, 196, 162, 376, 0, 367, 0, 0, 0, 0, 217, 0, 0, 0, '-', 2014, 1),
(280, 197, 173, 377, 0, 39, 0, 0, 0, 0, 0, 0, 0, 0, '-', 2014, 1),
(281, 198, 167, 119, 0, 56, 0, 0, 0, 0, 46, 0, 0, 0, '-', 2014, 1),
(282, 199, 168, 120, 0, 0, 0, 0, 0, 0, 0, 0, 0, 0, '-', 2014, 1),
(283, 200, 167, 121, 0, 1375, 0, 0, 25, 0, 0, 0, 0, 0, '-', 2014, 1),
(284, 201, 167, 122, 0, 0, 0, 0, 0, 0, 0, 0, 0, 0, '-', 2014, 1),
(285, 201, 165, 122, 0, 0, 0, 0, 0, 0, 0, 0, 0, 0, '-', 2014, 1),
(286, 202, 161, 378, 0, 0, 0, 0, 0, 0, 0, 0, 0, 0, '-', 2014, 1),
(287, 203, 167, 123, 0, 0, 0, 0, 0, 0, 0, 0, 0, 0, '-', 2014, 1),
(288, 204, 171, 379, 0, 108, 0, 0, 0, 0, 0, 0, 0, 0, '-', 2014, 1),
(289, 205, 173, 124, 0, 302, 0, 0, 10, 0, 110, 0, 0, 10, '-', 2014, 1),
(290, 206, 173, 125, 0, 367, 0, 0, 30, NULL, NULL, NULL, NULL, NULL, NULL, 2014, 1),
(291, 207, 167, 126, 0, 80, 0, 0, 18, 0, NULL, NULL, NULL, NULL, NULL, 2014, 1),
(292, 208, 167, 127, 0, 33, 0, 0, 0, 0, NULL, NULL, NULL, NULL, NULL, 2014, 1),
(293, 209, 163, 128, 0, 173, 0, 0, 13, 0, NULL, NULL, NULL, NULL, NULL, 2014, 1),
(294, 210, 37, 129, 246, 186, 0, 0, 0, 246, 186, 0, 0, 0, '-', 2014, 1),
(295, 211, 50, 130, 69, 397, 111, 0, 0, 59, 397, 111, 0, 0, '-', 2014, 1),
(296, 211, 58, 130, 306, 543, 203, 0, 0, 163, 533, 124, 0, 0, NULL, 2014, 1),
(297, 212, 39, 131, 306, 543, 203, 0, 0, 163, 533, 124, 0, 0, NULL, 2014, 1),
(298, 213, 38, 380, 913, 379, 0, 0, 0, 400, 400, 0, 0, 0, '-', 2014, 1),
(299, 213, 52, 380, 0, 0, 0, 0, 0, 0, 0, 0, 0, 0, '-', 2014, 1),
(300, 213, 55, 380, 0, 0, 0, 0, 0, 0, 0, 0, 0, 0, '-', 2014, 1),
(301, 213, 54, 380, 0, 0, 0, 0, 0, 0, 0, 0, 0, 0, '-', 2014, 1),
(302, 214, 47, 132, 0, 0, 0, 0, 0, 0, 0, 0, 0, 0, '-', 2014, 1),
(303, 215, 51, 133, 781, 2485, 271, 0, 0, 783, 270, 0, 0, 0, NULL, 2014, 1),
(304, 216, 44, 381, 1198, 1098, 0, 0, 0, 981, 857, 0, 0, 0, NULL, 2014, 1),
(305, 217, 58, 134, 0, 0, 0, 0, 0, 0, 0, 0, 0, 0, NULL, 2014, 1),
(306, 217, 57, 134, 0, 308, 141, 0, 0, 0, 308, 141, 0, 0, '-', 2014, 1),
(307, 218, 55, 135, 0, 308, 141, 0, 0, 0, 308, 141, 0, 0, '-', 2014, 1),
(308, 218, 44, 135, 1172, 939, 0, 0, 0, 400, 40, 0, 0, 0, NULL, 2014, 1),
(309, 219, 45, 136, 157, 258, 0, 0, 0, 135, 0, 0, 0, 0, '-', 2014, 1),
(310, 220, 42, 137, 0, 903, 82, 0, 0, 0, 294, 17, 0, 0, '-', 2014, 1),
(311, 221, 44, 138, 165, 288, 153, 0, 11, 42, 303, 0, 0, 0, '-', 2014, 1),
(312, 221, 48, 138, 165, 288, 153, 0, 11, 42, 303, 0, 0, 0, '-', 2014, 1),
(313, 222, 44, 382, 0, 56, 1, 0, 1, 0, 0, 0, 0, 0, NULL, 2014, 1),
(314, 222, 48, 382, 0, 56, 1, 0, 1, 0, 0, 0, 0, 0, NULL, 2014, 1),
(315, 223, 54, 139, 1327, 1011, 183, 0, 0, 1327, 1011, 103, 0, 0, '-', 2014, 1),
(316, 223, 45, 139, 1327, 1011, 183, 0, 0, 1327, 1011, 103, 0, 0, '-', 2014, 1),
(317, 223, 56, 139, 1327, 1011, 183, 0, 0, 1327, 1011, 103, 0, 0, '-', 2014, 1),
(318, 224, 56, 140, 210, 682, 145, 0, 19, 0, 624, 0, 0, 0, '-', 2014, 1),
(319, 225, 50, 383, 0, 617, 113, 0, 25, 0, 617, 113, 0, 25, '-', 2014, 1),
(320, 225, 39, 383, 0, 617, 113, 0, 25, 0, 617, 113, 0, 25, '-', 2014, 1),
(321, 226, 39, 141, 0, 533, 55, 0, 5, 0, 254, 20, 0, NULL, NULL, 2014, 1),
(322, 227, 40, 142, 0, 195, 22, 0, 0, 0, 51, 11, 0, 0, NULL, 2014, 1),
(323, 228, 51, 143, 381, 456, 106, 0, 40, 361, 458, 107, 0, 0, '-', 2014, 1),
(324, 229, 38, 144, 15, 618, 0, 0, 45, 15, 622, 0, 0, 0, '-', 2014, 1),
(325, 230, 41, 145, 0, 549, 0, 0, 0, 0, 439, 0, 0, 0, NULL, 2014, 1),
(326, 231, 42, 146, 0, 595, 0, 0, 0, 0, 585, 0, 0, 0, '-', 2014, 1),
(327, 232, 58, 147, 0, 197, 17, 0, 0, 0, 116, 0, 0, 0, '-', 2014, 1),
(328, 233, 47, 148, 0, 233, 131, 0, 19, 0, 82, 19, 0, 0, '-', 2014, 1),
(329, 234, 49, 149, 0, 690, 0, 0, 0, 0, 266, 0, 0, 0, NULL, 2014, 1),
(330, 235, 55, 150, 0, 0, 0, 0, 0, 0, 0, 0, 0, 0, NULL, 2014, 1),
(331, 236, 56, 151, 0, 0, 0, 0, 0, 0, 0, 0, 0, 0, NULL, 2014, 1),
(332, 236, 70, 151, 0, 0, 0, 0, 0, 0, 0, 0, 0, 0, NULL, 2014, 1),
(333, 237, 52, 384, 0, 0, 0, 0, 0, 0, 0, 0, 0, 0, NULL, 2014, 1),
(334, 238, 44, 385, 0, 494, 0, 0, 0, 0, 33, 0, 0, 0, NULL, 2014, 1),
(335, 239, 56, 386, 0, 307, 47, 0, 30, 0, 166, 10, 0, 10, NULL, 2014, 1),
(336, 240, 52, 152, 0, 413, 0, 0, 97, 0, 0, 0, 0, 0, NULL, 2014, 1),
(337, 241, 51, 153, 0, 557, 199, 18, 11, 0, 255, 21, 2, 8, NULL, 2014, 1),
(338, 242, 48, 154, 0, 0, 0, 0, 0, 0, 0, 0, 0, 0, NULL, 2014, 1),
(339, 243, 53, 155, 0, 92, 0, 0, 0, 0, 92, 0, 0, 0, NULL, 2014, 1),
(340, 244, 53, 156, 0, 58, 0, 0, 0, 0, 58, 0, 0, 0, NULL, 2014, 1),
(341, 245, 53, 157, 0, 57, 0, 0, 0, 0, 0, 0, 0, 0, NULL, 2014, 1),
(342, 245, 53, 157, 0, 115, 0, 0, 7, 0, 0, 0, 0, 0, NULL, 2014, 1),
(343, 246, 42, 158, 0, 0, 0, 0, 0, 0, 0, 0, 0, 0, NULL, 2014, 1),
(344, 246, 56, 158, 0, 0, 0, 0, 0, 0, 0, 0, 0, 0, NULL, 2014, 1),
(345, 247, 40, 159, 0, 0, 0, 0, 0, 0, 0, 0, 0, 0, NULL, 2014, 1),
(346, 248, 49, 387, 0, 156, 111, 72, 64, 0, 142, 0, 0, 0, NULL, 2014, 1),
(347, 248, 46, 387, 0, 156, 111, 72, 64, 0, 142, 0, 0, 0, NULL, 2014, 1),
(348, 249, 52, 388, 0, 0, 0, 0, 0, 0, 0, 0, 0, 0, NULL, 2014, 1),
(349, 250, 70, 160, 0, 727, 0, 0, 42, 0, 301, 0, 0, 42, NULL, 2014, 1),
(350, 250, 56, 160, 0, 727, 0, 0, 42, 0, 301, 0, 0, 42, NULL, 2014, 1),
(351, 251, 52, 161, 0, 105, 23, 0, 0, 0, 18, 7, 0, 0, NULL, 2014, 1),
(352, 252, 46, 162, 0, 426, 0, 0, 0, 0, 114, 0, 0, 0, NULL, 2014, 1),
(353, 253, 43, 163, 0, 424, 0, 0, 28, 0, 0, 0, 0, 0, NULL, 2014, 1),
(354, 254, 52, 164, 0, 0, 0, 0, 0, 0, 0, 0, 0, 0, NULL, 2014, 1),
(355, 255, 43, 165, 0, 334, 0, 0, 0, 0, 334, 0, 0, 0, NULL, 2014, 1),
(356, 256, 43, 166, 0, 155, 0, 0, 0, 0, 0, 0, 0, 0, NULL, 2014, 1),
(357, 257, 44, 167, 0, 323, 0, 0, 17, 0, 181, 0, 0, 0, NULL, 2014, 1),
(358, 258, 43, 168, 0, 57, 0, 0, 0, 0, 0, 0, 0, 0, NULL, 2014, 1),
(359, 259, 53, 169, 0, 169, 0, 0, 11, 0, 0, 0, 0, 0, NULL, 2014, 1),
(360, 260, 53, 170, 0, 116, 0, 0, 10, 0, 0, 0, 0, 0, NULL, 2014, 1),
(361, 261, 156, 171, 0, 0, 400, 0, 0, 0, 0, 0, 0, 0, '-', 2014, 1),
(362, 262, 99, 172, 0, 0, 0, 0, 0, 0, 0, 0, 0, 0, '-', 2014, 1),
(363, 263, 156, 389, 0, 0, 0, 0, 0, 0, 0, 0, 0, 0, '-', 2014, 1),
(364, 263, 99, 389, 0, 0, 0, 0, 0, 0, 0, 0, 0, 0, '-', 2014, 1),
(365, 264, 151, 390, 0, 0, 0, 0, 0, 0, 0, 0, 0, 0, '-', 2014, 1),
(366, 264, 157, 390, 0, 0, 0, 0, 0, 0, 0, 0, 0, 0, '-', 2014, 1),
(367, 264, 144, 390, 0, 0, 0, 0, 0, 0, 0, 0, 0, 0, '-', 2014, 1),
(368, 264, 147, 390, 0, 0, 0, 0, 0, 0, 0, 0, 0, 0, '-', 2014, 1),
(369, 264, 148, 390, 0, 0, 0, 0, 0, 0, 0, 0, 0, 0, '-', 2014, 1),
(370, 264, 152, 390, 0, 0, 0, 0, 0, 0, 0, 0, 0, 0, '-', 2014, 1),
(371, 264, 178, 390, 0, 0, 0, 0, 0, 0, 0, 0, 0, 0, '-', 2014, 1),
(372, 264, 145, 390, 0, 0, 0, 0, 0, 0, 0, 0, 0, 0, '-', 2014, 1),
(373, 264, 150, 390, 0, 0, 0, 0, 0, 0, 0, 0, 0, 0, '-', 2014, 1),
(374, 264, 32, 390, 0, 0, 0, 0, 0, 0, 0, 0, 0, 0, '-', 2014, 1),
(375, 264, 35, 390, 0, 0, 0, 0, 0, 0, 0, 0, 0, 0, '-', 2014, 1),
(376, 264, 124, 390, 0, 0, 0, 0, 0, 0, 0, 0, 0, 0, '-', 2014, 1),
(377, 264, 21, 390, 0, 0, 0, 0, 0, 0, 0, 0, 0, 0, '-', 2014, 1),
(378, 265, 155, 391, 0, 500, 1200, 2000, 0, 0, 0, 173, 0, 0, '-', 2014, 1),
(379, 265, 149, 391, 0, 500, 1200, 2000, 0, 0, 0, 173, 0, 0, '-', 2014, 1),
(380, 265, 148, 391, 0, 500, 1200, 2000, 0, 0, 0, 173, 0, 0, '-', 2014, 1),
(381, 265, 159, 391, 0, 500, 1200, 2000, 0, 0, 0, 173, 0, 0, '-', 2014, 1),
(382, 265, 153, 391, 0, 500, 1200, 2000, 0, 0, 0, 173, 0, 0, '-', 2014, 1),
(383, 265, 154, 391, 0, 500, 1200, 2000, 0, 0, 0, 173, 0, 0, '-', 2014, 1),
(384, 265, 158, 391, 0, 500, 1200, 2000, 0, 0, 0, 173, 0, 0, '-', 2014, 1),
(385, 266, 148, 392, 0, 0, 0, 0, 0, 0, 0, 0, 0, 0, '-', 2014, 1),
(386, 266, 153, 392, 0, 0, 0, 0, 0, 0, 0, 0, 0, 0, '-', 2014, 1),
(387, 267, 148, 393, 0, 28, 660, 55, 24, 0, 40, 635, 55, 8, '-', 2014, 1),
(388, 267, 155, 393, 0, 28, 660, 55, 24, 0, 40, 635, 55, 8, '-', 2014, 1),
(389, 267, 159, 393, 0, 28, 660, 55, 24, 0, 40, 635, 55, 8, '-', 2014, 1),
(390, 267, 153, 393, 0, 28, 660, 55, 24, 0, 40, 635, 55, 8, '-', 2014, 1),
(391, 267, 149, 393, 0, 28, 660, 55, 24, 0, 40, 635, 55, 8, '-', 2014, 1),
(392, 267, 154, 393, 0, 28, 660, 55, 24, 0, 40, 635, 55, 8, '-', 2014, 1),
(393, 267, 158, 393, 0, 28, 660, 55, 24, 0, 40, 635, 55, 8, '-', 2014, 1),
(394, 268, 157, 394, 0, 397, 30, 0, 0, 0, 245, 25, 0, 0, '-', 2014, 1),
(395, 268, 150, 394, 0, 397, 30, 0, 0, 0, 245, 25, 0, 0, '-', 2014, 1),
(396, 268, 158, 394, 0, 397, 30, 0, 0, 0, 245, 25, 0, 0, '-', 2014, 1),
(397, 269, 153, 173, 0, 0, 0, 0, 0, 0, 0, 0, 0, 0, '-', 2014, 1),
(398, 270, 149, 174, 0, 723, 0, 0, 0, 0, 632, 0, 0, 0, '-', 2014, 1),
(399, 271, 152, 395, 0, 1556, 44, 40, 10, 0, 1398, 44, 10, 0, '-', 2014, 1),
(400, 271, 152, 395, NULL, 417, NULL, NULL, NULL, NULL, 21, NULL, NULL, NULL, NULL, 2014, 1),
(401, 272, 150, 175, 0, 300, 0, 0, 0, 0, 273, 0, 0, 0, '-', 2014, 1),
(402, 273, 149, 176, 0, 0, 0, 0, 0, 0, 0, 0, 0, 0, '-', 2014, 1),
(403, 274, 153, 177, 0, 0, 132, 94, 0, 0, 0, 0, 0, 0, '-', 2014, 1),
(404, 275, 158, 396, 0, 247, 159, 86, 34, 0, 0, 0, 0, 0, '-', 2014, 1),
(405, 276, 99, 173, 0, 265, 40, 0, 0, 0, 148, 47, 0, 0, '-', 2014, 1),
(406, 277, 144, 178, 0, 495, 62, NULL, 52, NULL, 179, 16, 0, 1, NULL, 2014, 1),
(407, 278, 150, 179, 0, 58, 0, 0, 0, 0, 0, 0, 0, 0, NULL, 2014, 1),
(408, 279, 149, 180, 0, 205, 55, 0, 0, 0, 0, 0, 0, 0, NULL, 2014, 1),
(409, 280, 147, 181, 0, 421, 0, 0, 16, 0, 0, 0, 0, 0, NULL, 2014, 1),
(410, 281, 114, 182, 0, 71, 0, 0, 85, 0, 0, 0, 0, 0, '-', 2014, 1),
(411, 281, 125, 182, 0, 71, 0, 0, 85, 0, 0, 0, 0, 0, '-', 2014, 1),
(412, 282, 109, 183, 644, 97, 0, 0, 0, 644, 97, 0, 0, 0, '-', 2014, 1),
(413, 283, 124, 397, 0, 0, 0, 0, 0, 0, 0, 0, 0, 0, '-', 2014, 1),
(414, 283, 109, 397, 0, 0, 0, 0, 0, 0, 0, 0, 0, 0, '-', 2014, 1),
(415, 283, 144, 397, 0, 0, 0, 0, 0, 0, 0, 0, 0, 0, '-', 2014, 1),
(416, 284, 122, 184, 158, 1416, 185, 0, 0, 90, 513, 10, 0, 0, '-', 2014, 1),
(417, 285, 115, 398, 0, 150, 0, 0, 0, 0, 0, 0, 0, 0, '-', 2014, 1),
(418, 286, 114, 185, 0, 16, 194, 0, 0, 0, 16, 194, 0, 0, '-', 2014, 1),
(419, 287, 118, 186, 0, 0, 0, 0, 0, 0, 0, 0, 0, 0, '-', 2014, 1),
(420, 288, 111, 187, 286, 302, 118, 27, 0, 286, 302, 118, 27, 0, '-', 2014, 1),
(421, 288, 111, 187, 0, 67, 384, 0, 29, 0, 67, 384, 0, 29, NULL, 2014, 1),
(422, 288, 111, 187, 0, 259, 62, 0, 0, 0, 259, 62, 0, 0, NULL, 2014, 1),
(423, 288, 111, 187, 0, 70, 0, 0, 0, 0, 70, 0, 0, 0, NULL, 2014, 1),
(424, 288, 115, 187, 0, 193, 82, 0, 0, 0, 193, 82, 0, 0, NULL, 2014, 1),
(425, 288, 115, 187, 0, 58, 40, 0, 0, 0, 58, 40, 0, 0, NULL, 2014, 1),
(426, 288, 115, 187, 0, 14, 6, 0, 0, 0, 0, 0, 0, 0, NULL, 2014, 1),
(427, 289, 113, 399, 0, 0, 0, 0, 0, 0, 0, 0, 0, 0, '-', 2014, 1),
(428, 289, 119, 399, 0, 0, 0, 0, 0, 0, 0, 0, 0, 0, '-', 2014, 1),
(429, 289, 120, 399, 0, 0, 0, 0, 0, 0, 0, 0, 0, 0, '-', 2014, 1),
(430, 290, 120, 188, 0, 0, 0, 0, 0, 0, 0, 0, 0, 0, NULL, 2014, 1),
(431, 291, 115, 400, 272, 511, 56, 0, 0, 0, 412, 180, 10, 10, '-', 2014, 1),
(432, 292, 118, 401, 0, 0, 0, 0, 0, 0, 0, 0, 0, 0, '-', 2014, 1),
(433, 293, 124, 189, 0, 138, 0, 0, 0, 0, 70, 0, 0, 0, '-', 2014, 1),
(434, 294, 135, 402, 0, 1090, 0, 0, 0, 0, 512, 0, 0, 0, '-', 2014, 1),
(435, 294, 124, 402, 0, 1090, 0, 0, 0, 0, 512, 0, 0, 0, '-', 2014, 1),
(436, 295, 110, 190, 89, 0, 0, 0, 0, 89, 0, 0, 0, 0, '-', 2014, 1),
(437, 296, 124, 403, 0, 628, 0, 0, 0, 0, 25, 0, 0, 0, '-', 2014, 1),
(438, 297, 112, 404, 261, 95, 0, 0, 0, 291, 95, 0, 0, 0, NULL, 2014, 1),
(439, 298, 110, 191, 53, 495, 368, 41, 70, 53, 425, 136, 20, 44, NULL, 2014, 1),
(440, 298, 53, 191, 53, 495, 368, 41, 70, 53, 425, 136, 20, 44, NULL, 2014, 1),
(441, 299, 53, 192, 0, 72, 93, 30, 0, 0, 67, 41, 8, 0, '-', 2014, 1),
(442, 299, 110, 192, 0, 72, 93, 30, 0, 0, 67, 41, 8, 0, '-', 2014, 1),
(443, 300, 123, 193, 0, 0, 0, 0, 0, 0, 0, 0, 0, 0, '-', 2014, 1),
(444, 300, 116, 193, 0, 0, 0, 0, 0, 0, 0, 0, 0, 0, '-', 2014, 1),
(445, 301, 121, 194, 0, 384, 57, 0, 0, 0, 47, 17, 0, 0, NULL, 2014, 1),
(446, 302, 125, 405, 0, 0, 0, 0, 0, 0, 0, 0, 0, 0, '-', 2014, 1),
(447, 303, 124, 195, 202, 167, 23, 0, 0, 234, 139, 19, 0, 0, '-', 2014, 1),
(448, 304, 115, 406, 0, 0, 0, 0, 0, 0, 0, 0, 0, 0, '-', 2014, 1),
(449, 305, 124, 407, 0, 0, 0, 0, 0, 0, 0, 0, 0, 0, '-', 2014, 1),
(450, 306, 124, 408, 0, 15, 4, 0, 0, 0, 0, 0, 0, 0, '-', 2014, 1),
(451, 307, 124, 409, 0, 20, 0, 0, 0, 0, 0, 0, 0, 0, '-', 2014, 1),
(452, 308, 124, 196, 178, 287, 20, 0, 0, 178, 248, 0, 0, 0, NULL, 2014, 1),
(453, 309, 122, 410, 0, 0, 0, 0, 0, 0, 0, 0, 0, 0, NULL, 2014, 1),
(454, 310, 53, 197, 0, 277, 0, 0, 0, 0, 22, 0, 0, 0, NULL, 2014, 1),
(455, 311, 122, 411, 0, 0, 0, 0, 0, 0, 0, 0, 0, 0, NULL, 2014, 1),
(456, 312, 122, 198, 0, 363, 63, 0, 0, 0, 71, 17, 0, 0, NULL, 2014, 1),
(457, 313, 115, 186, 0, 150, 0, 0, 0, 0, 66, 0, 0, 0, NULL, 2014, 1),
(458, 314, 115, 199, 0, 44, 0, 0, 0, 0, NULL, NULL, NULL, NULL, NULL, 2014, 1),
(459, 315, 117, 200, 0, 1685, 0, 0, 0, 0, 0, 0, 0, 0, NULL, 2014, 1),
(460, 316, 109, 412, 0, 0, 0, 0, 0, 0, 0, 0, 0, 0, NULL, 2014, 1),
(461, 317, 115, 201, 0, 78, 8, 0, 0, 0, 0, 0, 0, 0, NULL, 2014, 1),
(462, 318, 109, 202, 0, 86, 0, 0, 2, 0, 0, 0, 0, 0, NULL, 2014, 1),
(463, 319, 124, 203, 0, 27, 0, 0, 0, 0, 12, 0, 0, 0, NULL, 2014, 1),
(464, 320, 115, 204, 0, 165, 0, 0, 0, 0, 12, 0, 0, 0, NULL, 2014, 1),
(465, 320, 133, 204, 0, 165, 0, 0, 0, 0, 12, 0, 0, 0, NULL, 2014, 1),
(466, 321, 115, 205, 0, 94, 19, 0, 2, 0, 0, 0, 0, 0, NULL, 2014, 1),
(467, 322, 117, 206, 0, 30, 0, 0, 9, NULL, NULL, NULL, NULL, NULL, NULL, 2014, 1),
(468, 323, 124, 207, 0, 578, 81, 2, 17, NULL, NULL, NULL, NULL, NULL, NULL, 2014, 1),
(469, 324, 82, 413, 202, 166, 0, 0, 0, 293, 216, 0, 0, 0, '-', 2014, 1),
(470, 325, 93, 414, 704, 185, 0, 0, 0, 0, 0, 0, 0, 0, '-', 2014, 1),
(471, 326, 91, 208, 0, 130, 0, 0, 0, 0, 270, 0, 0, 0, '-', 2014, 1),
(472, 327, 87, 209, 0, 408, 44, 97, 122, 0, 179, 200, 1, 7, '-', 2014, 1),
(473, 327, 90, 209, 0, 408, 44, 97, 122, 0, 179, 200, 1, 7, '-', 2014, 1),
(474, 328, 91, 210, 249, 464, 0, 0, 0, 355, 726, 0, 0, 0, '-', 2014, 1),
(475, 329, 82, 415, 0, 0, 0, 0, 0, 0, 0, 0, 0, 0, '-', 2014, 1),
(476, 330, 80, 416, 167, 181, 0, 0, 0, 53, 0, 0, 0, 0, '-', 2014, 1),
(477, 331, 91, 417, 0, 0, 0, 0, 0, 0, 0, 0, 0, 0, '-', 2014, 1),
(478, 332, 92, 211, 0, 676, 0, 0, 28, 0, 600, 0, 0, 0, '-', 2014, 1),
(479, 333, 91, 212, 48, 465, 18, 0, 0, 48, 344, 8, 0, 0, '-', 2014, 1),
(480, 334, 82, 213, 0, 636, 36, 0, 28, 0, 500, 0, 0, 0, '-', 2014, 1),
(481, 335, 88, 418, 0, 0, 0, 0, 0, 0, 0, 0, 0, 0, '-', 2014, 1),
(482, 336, 92, 214, 0, 696, 0, 0, 0, 0, 696, 0, 0, 0, 'TAHAP 1,2,3 & 4', 2014, 1),
(483, 336, 93, 214, 0, 143, 0, 0, 0, 0, 0, 0, 0, 0, 'TAHAP 5', 2014, 1),
(484, 337, 92, 215, 0, 228, 0, 0, 6, 0, 0, 0, 0, 0, NULL, 2014, 1),
(485, 338, 83, 216, 0, 458, 351, 0, 47, 0, 117, 37, 0, 28, '-', 2014, 1),
(486, 339, 89, 217, 0, 63, 0, 0, 0, 0, 49, 15, 0, 0, '-', 2014, 1),
(487, 340, 91, 218, 0, 0, 0, 0, 0, 0, 0, 0, 0, 0, '-', 2014, 1),
(488, 341, 86, 219, 0, 338, 0, 0, 0, 0, 0, 0, 0, 0, '-', 2014, 1),
(489, 342, 86, 220, 0, 392, 0, 0, 0, 0, 182, 0, 0, 0, '-', 2014, 1),
(490, 343, 84, 221, 0, 375, 0, 0, 13, 0, 0, 0, 0, 0, '-', 2014, 1),
(491, 344, 89, 222, 0, 785, 0, 0, 0, 0, 570, 0, 0, NULL, NULL, 2014, 1),
(492, 345, 140, 223, 0, 725, 0, 0, 55, 0, 0, 0, 0, NULL, NULL, 2014, 1),
(493, 345, 0, 223, NULL, NULL, NULL, NULL, 50, NULL, NULL, NULL, NULL, NULL, 'TAHAP II', 2014, 1),
(494, 346, 89, 217, 0, 63, 0, 0, 0, 0, 0, 0, 0, NULL, NULL, 2014, 1),
(495, 347, 92, 224, 0, 54, 0, 0, 0, 0, 54, 0, 0, NULL, '-', 2014, 1),
(496, 347, 92, 224, 0, 72, 0, 0, 7, NULL, NULL, NULL, NULL, NULL, NULL, 2014, 1),
(497, 348, 92, 225, 0, 60, 0, 0, 0, 0, 60, 0, 0, 0, '-', 2014, 1),
(498, 349, 93, 226, 0, 71, 0, 0, 0, 0, 13, 0, 0, 0, NULL, 2014, 1),
(499, 350, 82, 227, 0, 149, 0, 0, 16, 0, NULL, 0, 0, 0, NULL, 2014, 1),
(500, 351, 92, 228, 0, 56, 0, 0, 4, 0, 36, 0, 0, 0, '-', 2014, 1),
(501, 352, 86, 229, 0, 344, 0, 0, 29, 0, 0, 0, 0, 0, '-', 2014, 1),
(502, 353, 92, 230, 0, 213, 0, 0, 7, 0, 0, 0, 0, 0, '-', 2014, 1),
(503, 354, 85, 231, 0, 17, 0, 0, 0, 0, 0, 0, 0, 0, '-', 2014, 1),
(504, 355, 81, 232, 0, 1151, 0, 0, 36, 0, 0, 0, 0, 0, '-', 2014, 1),
(505, 356, 81, 233, 0, 244, 0, 0, 27, 0, 0, 0, 0, 0, '-', 2014, 1),
(506, 356, 81, 233, 0, 51, 0, 0, 0, NULL, NULL, NULL, NULL, NULL, NULL, 2014, 1),
(507, 357, 182, 419, 102, 12, 0, 0, 0, 601, 24, 0, 0, 0, NULL, 2014, 1),
(508, 357, 182, 419, 396, 0, 0, 0, 0, 116, 308, 0, 0, 0, '-', 2014, 1),
(509, 357, 182, 419, 552, 94, 0, 0, 0, 415, 0, 0, 0, 0, '-', 2014, 1),
(510, 357, 182, 419, 0, 0, 0, 0, 0, 0, 0, 0, 0, 0, NULL, 2014, 1),
(511, 358, 21, 420, 0, 68, 0, 0, 0, 0, 136, 0, 0, 0, NULL, 2014, 1),
(512, 359, 21, 421, 0, 0, 0, 0, 0, 0, 0, 0, 0, 0, '-', 2014, 1),
(513, 360, 180, 422, 0, 0, 0, 0, 0, 0, 0, 0, 0, 0, NULL, 2014, 1),
(514, 361, 183, 423, 0, 0, 0, 0, 0, 0, 0, 0, 0, 0, '-', 2014, 1),
(515, 361, 180, 423, 0, 0, 0, 0, 0, 0, 0, 0, 0, 0, '-', 2014, 1),
(516, 361, 178, 423, 0, 0, 0, 0, 0, 0, 0, 0, 0, 0, '-', 2014, 1),
(517, 361, 32, 423, 0, 0, 0, 0, 0, 0, 0, 0, 0, 0, '-', 2014, 1),
(518, 361, 21, 423, 0, 584, 47, 0, 10, 0, 582, 30, 0, 0, '-', 2014, 1),
(519, 362, 178, 234, 0, 0, 0, 0, 0, 0, 0, 0, 0, 0, '-', 2014, 1),
(520, 363, 174, 424, 0, 520, 0, 0, 0, 0, 520, 0, 0, 0, '-', 2014, 1),
(521, 364, 179, 235, 59, 143, 0, 0, 0, 25, 60, 15, 0, 0, '-', 2014, 1),
(522, 365, 186, 425, 0, 293, 67, 0, 0, 0, 263, 67, 0, 0, '-', 2014, 1),
(523, 366, 186, 236, 0, 537, 26, 0, 0, 0, 261, 17, 0, 0, NULL, 2014, 1),
(524, 367, 186, 237, 141, 845, 0, 0, 0, 139, 522, 0, 0, 0, NULL, 2014, 1),
(525, 368, 179, 426, 0, 321, 48, 0, 0, 0, 75, 0, 0, 0, '-', 2014, 1),
(526, 369, 179, 238, 0, 363, 53, 31, 0, 0, 167, 0, 0, 0, '-', 2014, 1),
(527, 370, 174, 239, 0, 237, 48, 0, 16, 0, 216, 48, 0, 16, '-', 2014, 1),
(528, 370, 186, 239, 0, 237, 48, 0, 16, 0, 216, 48, 0, 16, '-', 2014, 1),
(529, 371, 179, 427, 0, 0, 0, 0, 0, 0, 0, 0, 0, 0, '-', 2014, 1),
(530, 372, 185, 428, 0, 0, 0, 0, 0, 0, 0, 0, 0, 0, '-', 2014, 1),
(531, 373, 182, 429, 0, 0, 0, 0, 0, 0, 0, 0, 0, 0, '-', 2014, 1),
(532, 374, 21, 430, 0, 0, 0, 0, 0, 0, 0, 0, 0, 0, '-', 2014, 1),
(533, 375, 178, 431, 0, 0, 0, 0, 0, 0, 0, 0, 0, 0, '-', 2014, 1),
(534, 375, 179, 431, 0, 0, 0, 0, 0, 0, 0, 0, 0, 0, '-', 2014, 1),
(535, 376, 21, 240, 0, 584, 140, 0, 9, 0, 577, 112, 0, 0, '-', 2014, 1),
(536, 377, 178, 432, 0, 0, 0, 0, 0, 0, 0, 0, 0, 0, '-', 2014, 1),
(537, 378, 185, 241, 0, 171, 25, 0, 0, 0, 140, 16, 0, 0, NULL, 2014, 1),
(538, 379, 179, 242, 0, 336, 60, 0, 0, 0, 75, 3, 0, 0, NULL, 2014, 1),
(539, 380, 179, 243, 0, 204, 0, 0, 0, 0, 204, 0, 0, 0, NULL, 2014, 1),
(540, 381, 183, 244, 0, 233, 25, 0, 14, 0, 213, 6, 0, 4, NULL, 2014, 1),
(541, 382, 179, 245, 0, 480, 0, 0, 0, 0, 480, 0, 0, 0, NULL, 2014, 1),
(542, 383, 179, 246, 0, 266, 0, 0, 0, 0, 0, 0, 0, 0, NULL, 2014, 1),
(543, 384, 181, 247, 0, 357, 0, 0, 0, 0, 122, 0, 0, 0, NULL, 2014, 1),
(544, 384, 183, 247, 0, 357, 0, 0, 0, 0, 122, 0, 0, 0, NULL, 2014, 1),
(545, 385, 174, 433, 0, 0, 0, 0, 0, 0, 0, 0, 0, 0, NULL, 2014, 1),
(546, 386, 188, 248, 0, 605, 0, 0, 0, 0, 124, 0, 0, 0, NULL, 2014, 1),
(547, 387, 178, 434, 0, 0, 0, 0, 0, 0, 0, 0, 0, 0, NULL, 2014, 1),
(548, 388, 178, 435, 0, 0, 0, 0, 0, 0, 0, 0, 0, 0, NULL, 2014, 1),
(549, 389, 179, 249, 0, 396, 32, 0, 0, 0, 171, 11, 0, 0, NULL, 2014, 1),
(550, 390, 184, 250, 0, 181, 0, 0, 0, 0, 0, 0, 0, 0, NULL, 2014, 1),
(551, 391, 179, 436, 0, 0, 0, 0, 0, 0, 0, 0, 0, 0, NULL, 2014, 1),
(552, 392, 179, 437, 0, 0, 0, 0, 0, 0, 0, 0, 0, 0, NULL, 2014, 1),
(553, 393, 21, 251, 0, 299, 48, 0, 0, 0, 0, 0, 0, 0, NULL, 2014, 1),
(554, 394, 21, 252, 0, 50, 0, 0, 0, 0, 0, 0, 0, 0, NULL, 2014, 1),
(555, 395, 21, 253, 0, 81, 0, 0, 0, 0, 26, 0, 0, 0, NULL, 2014, 1),
(556, 396, 178, 254, 0, 383, 0, 0, 0, 0, 189, 0, 0, 0, NULL, 2014, 1),
(557, 397, 178, 255, 0, 373, 0, 0, 0, 0, 96, 0, 0, 0, NULL, 2014, 1),
(558, 398, 178, 256, 44, 444, 0, 53, 22, 43, 386, 0, 21, 10, NULL, 2014, 1),
(559, 399, 183, 438, 0, 0, 0, 0, 0, 0, 0, 0, 0, 0, NULL, 2014, 1),
(560, 400, 187, 257, 0, 209, 0, 0, 0, 0, 179, 0, 0, 0, NULL, 2014, 1),
(561, 400, 53, 257, 0, 209, 0, 0, 0, 0, 179, 0, 0, 0, NULL, 2014, 1),
(562, 401, 181, 439, 0, 0, 0, 0, 0, 0, 0, 0, 0, 0, NULL, 2014, 1),
(563, 401, 178, 439, 0, 0, 0, 0, 0, 0, 0, 0, 0, 0, NULL, 2014, 1),
(564, 401, 174, 439, 0, 0, 0, 0, 0, 0, 0, 0, 0, 0, NULL, 2014, 1),
(565, 401, 189, 439, 0, 0, 0, 0, 0, 0, 0, 0, 0, 0, NULL, 2014, 1),
(566, 401, 186, 439, 0, 0, 0, 0, 0, 0, 0, 0, 0, 0, NULL, 2014, 1),
(567, 402, 186, 258, 0, 122, 8, 0, 0, 0, 0, 0, 0, 0, NULL, 2014, 1),
(568, 403, 183, 259, 0, 133, 0, 0, 3, 0, 133, 0, 0, 3, NULL, 2014, 1),
(569, 404, 183, 260, 0, 46, 0, 0, 0, 0, 46, 0, 0, 0, NULL, 2014, 1),
(570, 405, 183, 261, 0, 34, 0, 0, 0, 0, 0, 0, 0, 0, NULL, 2014, 1),
(571, 406, 179, 249, 0, 515, 53, 0, 24, 0, 177, 0, 0, 0, NULL, 2014, 1),
(572, 406, 193, 249, 0, 515, 53, 0, 24, 0, 177, 0, 0, 0, NULL, 2014, 1),
(573, 407, 186, 262, 0, 53, 0, 0, 0, 0, 10, 0, 0, 0, NULL, 2014, 1),
(574, 408, 186, 263, 0, 315, 0, 0, 0, 0, 0, 0, 0, 0, NULL, 2014, 1),
(575, 409, 179, 264, 0, 77, 0, 0, 0, 0, 68, 0, 0, 0, NULL, 2014, 1),
(576, 410, 183, 265, 0, 180, 0, 0, 10, 0, 20, 0, 0, 0, NULL, 2014, 1),
(577, 411, 186, 266, 0, 141, 0, 0, 0, 0, 0, 0, 0, 0, NULL, 2014, 1),
(578, 412, 186, 267, 0, 88, 0, 0, 0, 0, 0, 0, 0, 0, NULL, 2014, 1),
(579, 413, 21, 268, 0, 166, 0, 0, 5, 0, 0, 0, 0, 0, NULL, 2014, 1),
(580, 414, 177, 269, 0, 37, 0, 0, 0, 0, NULL, NULL, NULL, NULL, NULL, 2014, 1),
(581, 415, 59, 440, 0, 0, 0, 0, 0, 0, 0, 0, 0, 0, '-', 2014, 1),
(582, 415, 60, 440, 0, 0, 0, 0, 0, 0, 0, 0, 0, 0, '-', 2014, 1),
(583, 415, 63, 440, 0, 0, 0, 0, 0, 0, 0, 0, 0, 0, '-', 2014, 1),
(584, 416, 60, 441, 0, 0, 0, 0, 0, 0, 0, 0, 0, 0, '-', 2014, 1),
(585, 417, 61, 442, 0, 0, 0, 0, 0, 0, 0, 0, 0, 0, '-', 2014, 1),
(586, 418, 59, 270, 0, 303, 0, 25, 265, 0, 23, 1, 3, 0, '-', 2014, 1),
(587, 419, 62, 443, 0, 0, 0, 0, 0, 0, 0, 0, 0, 0, '-', 2014, 1),
(588, 419, 79, 443, 0, 0, 0, 0, 0, 0, 0, 0, 0, 0, '-', 2014, 1),
(589, 420, 94, 444, 0, 0, 0, 0, 0, 0, 0, 0, 0, 0, '-', 2014, 1),
(590, 421, 95, 445, 0, 0, 0, 0, 0, 0, 0, 0, 0, 0, '-', 2014, 1),
(591, 422, 108, 271, 0, 214, 0, 0, 0, 0, 104, 0, 0, 0, '-', 2014, 1),
(592, 423, 105, 272, 0, 600, 35, 0, 50, 0, 452, 22, 0, 21, NULL, 2014, 1),
(593, 423, 107, 272, 0, 600, 35, 0, 50, 0, 452, 22, 0, 21, NULL, 2014, 1),
(594, 424, 105, 273, 0, 764, 0, 0, 28, 0, 531, 0, 0, 3, NULL, 2014, 1),
(595, 425, 104, 274, 0, 675, 0, 0, 0, 0, 164, 0, 0, 3, NULL, 2014, 1),
(596, 426, 105, 275, 0, 353, 0, 0, 18, NULL, NULL, NULL, NULL, NULL, NULL, 2014, 1),
(597, 427, 106, 276, 0, 242, 16, 0, 50, NULL, NULL, NULL, NULL, NULL, NULL, 2014, 1),
(598, 428, 98, 277, 0, 416, 0, 0, 0, 0, 416, 0, 0, 0, '-', 2014, 1),
(599, 428, 64, 277, 0, 2072, 0, 0, 0, 0, 1775, 0, 0, 0, NULL, 2014, 1),
(600, 429, 66, 278, 0, 987, 0, 0, 0, 0, 809, 0, 0, 0, '-', 2014, 1),
(601, 429, 41, 278, 0, 987, 0, 0, 0, 0, 809, 0, 0, 0, '-', 2014, 1),
(602, 430, 67, 277, 0, 1876, 0, 0, 0, 0, 1876, 0, 0, 0, '-', 2014, 1),
(603, 431, 68, 279, 0, 335, 0, 0, 0, 0, 46, 0, 0, 0, '-', 2014, 1),
(604, 432, 68, 280, 0, 353, 0, 0, 14, 0, 202, 0, 0, 3, '-', 2014, 1),
(605, 432, 65, 280, 0, 353, 0, 0, 14, 0, 202, 0, 0, 3, '-', 2014, 1),
(606, 433, 66, 281, 0, 637, 0, 0, 11, 0, 300, 0, 0, 0, NULL, 2014, 1),
(607, 434, 66, 282, 0, 358, 0, 0, 49, 0, 0, 0, 0, 12, NULL, 2014, 1),
(608, 434, 41, 282, 0, 358, 0, 0, 49, 0, 0, 0, 0, 12, NULL, 2014, 1),
(609, 435, 69, 283, 0, 355, 0, 0, 33, 0, 0, 0, 0, 0, NULL, 2014, 1),
(610, 436, 102, 284, 0, 263, 20, 0, 0, 0, 263, 20, 0, 0, '-', 2014, 1),
(611, 437, 97, 446, 0, 0, 0, 0, 0, 0, 0, 0, 0, 0, '-', 2014, 1),
(612, 438, 99, 387, 0, 0, 0, 0, 0, 0, 0, 0, 0, 0, '-', 2014, 1),
(613, 439, 96, 285, 0, 21, 0, 0, 0, 0, 21, 0, 0, 0, NULL, 2014, 1),
(614, 440, 103, 286, 0, 425, 201, NULL, 60, 0, 33, 0, 0, 60, NULL, 2014, 1),
(615, 441, 101, 287, 0, 286, 0, 0, 12, 0, 0, 0, 0, 0, NULL, 2014, 1),
(616, 442, 100, 288, 0, 137, 0, 0, 0, 0, 0, 0, 0, 0, NULL, 2014, 1),
(617, 443, 100, 289, 0, 359, 0, 0, 0, 0, 0, 0, 0, 0, NULL, 2014, 1);

-- --------------------------------------------------------

--
-- Table structure for table `perumahan`
--

CREATE TABLE IF NOT EXISTS `perumahan` (
`id_perumahan` int(11) NOT NULL,
  `nama_perumahan` varchar(255) DEFAULT NULL,
  `id_perusahaan` int(11) DEFAULT NULL
) ENGINE=InnoDB  DEFAULT CHARSET=latin1 AUTO_INCREMENT=450 ;

--
-- Dumping data for table `perumahan`
--

INSERT INTO `perumahan` (`id_perumahan`, `nama_perumahan`, `id_perusahaan`) VALUES
(1, '(BELUM ADA)', 1),
(2, 'SEKARDANGAN INDAH', 2),
(3, 'MAGERSARI PERMAI', 5),
(4, 'BUMI CITRA FAJAR', 7),
(5, 'TAMAN PINANG INDAH', 10),
(6, 'PONDOK JATI', 11),
(7, 'PONDOK JATI TAHAP II', 11),
(8, 'PONDOK JATI TAHAP III', 11),
(9, 'PONDOK JATI TAHAP IV', 11),
(10, 'GRAHA KUNCARA', 12),
(11, 'GRIYA BHAYANGKARA PERMAI', 13),
(12, 'BUMI INTAN PERMAI', 13),
(13, 'BUMI SUKO INDAH', 14),
(14, 'PONDOK MUTIARA ', 15),
(15, 'PONDOK MUTIARA HARUM', 16),
(16, 'SIDOKARE INDAH & SIDOKARE ASRI', 17),
(17, 'GEBANG RAYA', 18),
(18, 'PURI INDAH', 19),
(19, 'PURI INDAH', 20),
(20, 'LA JOLLA ESTATE', 22),
(21, 'CITRA FAJAR GOLF', 23),
(22, 'GRAND BELLAVISTA', 23),
(23, 'TAMAN TIARA REGENCY THP I, II & III', 25),
(24, 'TAMAN TIARA REGENCY THP IV', 25),
(25, 'CITRA LOKA RESIDENCE', 27),
(26, 'WAHYU TAMAN SARIROGO', 28),
(27, 'PESONA PERMATA GADING I', 29),
(28, 'PESONA PERMATA GADING II', 29),
(29, 'PESONA SEKAR GADING', 30),
(30, 'TAMAN PUSPA SARIROGO', 31),
(31, 'MUTIARA REGENCY', 32),
(32, 'ISTANA MENTARI', 33),
(33, 'TAMAN ANGGREK REGENCY', 34),
(34, 'GRAHA REGENCY', 35),
(35, 'VILLA JASMINE', 36),
(36, 'GRAND ROSE REGENCY', 37),
(37, 'BELVARA', 38),
(38, 'VILLA JASMINE 3', 36),
(39, 'VILLA JASMINE 3', 46),
(40, 'CENTRO AVENUE RESIDENTIAL & SHOP HOUSES', 43),
(41, 'CITRA CITY RESIDENCE', 44),
(42, 'GRIYO ASRI SARIROGO', 45),
(43, 'KAHURIPAN NIRWANA VILLAGE', 47),
(44, 'GRAHA KOTA', 48),
(45, 'PINANG GRAHA', 49),
(46, 'CENTRO AVENUE / CITRA INDAH', 50),
(47, 'GREEN VILLAGE RESIENCE', 51),
(48, 'PANORAMA RESIDENCE', 52),
(49, 'd''GARDENIA CITY ', 53),
(50, 'SIDOARJO REGENCY', 56),
(51, 'CITRA GADING FAJAR', 57),
(52, 'GRAHA ANGGREK MAS REGENCY', 63),
(53, 'JENGGOLO ASRI / PURI TERATAI', 64),
(54, 'TRISIDA WINDU ASRI', 68),
(55, 'CITRA GARDEN', 69),
(56, 'PERMATA MEGAH ASRI', 70),
(57, 'SURYA ASRI', 71),
(58, 'CITRA PESONA BUDURAN/OMA PESONA BUDURAN', 74),
(59, 'PALEM NIRWANA', 76),
(60, 'PERMATA SIWALAN INDAH', 79),
(61, 'GADING KIRANA ESTATE', 80),
(62, 'PURI SEJAHTERA', 81),
(63, 'PURI SEJAHTERA 2', 82),
(64, 'PERUMAHAN, TEMPAT ISTIRAHAT DAN PELAYANAN JALAN TOL SURABAYA-GEMPOL', 83),
(65, 'TAMAN HEDONA', 86),
(66, 'GRIYA ALAMANDA', 88),
(67, 'SUN SAFIRA REGENCY', 89),
(68, 'PARK ROYAL REGENCY', 90),
(69, 'LEMBAH HIJAU REGENCY', 92),
(70, 'GRIYA CIPTANINGATI', 93),
(71, 'THE TAMAN DHIKA', 94),
(72, 'GRAHA JUANDA', 96),
(73, 'SAPPHIRE RESIDENCE', 97),
(74, 'Griya Permata Buduran', 98),
(75, 'GRAHA SEWU PRATAMA', 99),
(76, 'GRAND SURYA', 100),
(77, 'PONDOK TANGGULANGIN ASRI', 101),
(78, 'ADI KENCANA', 102),
(79, 'PURI PRIMA SARI', 104),
(80, 'PONDOK KALITENGAH ASRI', 105),
(81, 'GRIYA ASRI KALITENGAH', 106),
(82, 'Griya Kartika Kencana Tanggulangin Eks.', 107),
(83, 'GRIYA SAKINAH', 108),
(84, 'PURI SAMPOERNO', 109),
(85, 'PERMATA SIDOARJO', 110),
(86, 'TAS II', 111),
(87, 'TAS II', 112),
(88, 'PASAR WISATA TANGGULANGIN', 116),
(89, 'GARDEN REGENCY', 118),
(90, 'SURYA CITRA RESIDENCE', 119),
(91, 'GRAHA TIRTA', 120),
(92, 'GRAHA TIRTA', 121),
(93, 'DELTA WEDORO INDAH', 122),
(94, 'DELTA SARI BARU', 121),
(95, 'CITRA TROPODO', 123),
(96, 'PEPELEGI INDAH', 124),
(97, 'TAMAN WISATA TROPODO', 125),
(98, 'TAMAN WISATA TROPODO REGENCY', 125),
(99, 'PONDOK CANDRA INDAH', 126),
(100, 'PONDOK CANDRA INDAH', 127),
(101, 'TAMAN WARU PERMAI', 128),
(102, 'Wisma Bhakti Permai', 131),
(103, 'GRIYA BUNGUR PERMAI', 138),
(104, 'KOMPLEKS WISMA PERMAI', 139),
(105, 'PAPYRUS REGENCY', 143),
(106, 'GARDEN DIAN REGENCY', 147),
(107, 'CITRA CANDRA ASRI', 148),
(108, 'MEDAMAS', 149),
(109, 'GRIYA BAHAGIA ABADI REGENCY', 150),
(110, 'GRIYA CANDRA RESIDENCE', 151),
(111, 'KENARI RESIDENCE', 152),
(112, 'PERMATA TROPODO REGENCY', 153),
(113, 'WADUNGASRI PERMAI REGENCY', 154),
(114, 'GRAND MANSION', 155),
(115, 'GRIYA ASRI', 156),
(116, 'PEMB. PERUMAHAN & RUKO ', 157),
(117, 'BLAMBANGAN PERMAI', 158),
(118, 'GRIYA KARTIKA', 163),
(119, 'GRIYA CANDRAMAS', 164),
(120, 'PERUM MERPATI NUSANTARA & KEHUTANAN', 173),
(121, 'GRAHA AL-IKHLAS', 174),
(122, 'JUANDA REGENCY', 175),
(123, 'PONDOK DADAPAN PERMAI', 178),
(124, 'PURI SEDATI', 184),
(125, 'SWAN REGENCY', 185),
(126, 'JUANDA INDAH', 186),
(127, 'PURI PERMATA REGENCY', 187),
(128, 'JAYA REGENCY SEDATI', 189),
(129, 'RUMAH DINAS BPK', 191),
(130, 'PUTRI JUANDA', 184),
(131, 'WISMA JUANDA PERMAI', 192),
(132, 'THE OASIS RESIDENCE', 193),
(133, 'PLATINUM RESIDENCE', 194),
(134, 'GRAND JUANDA REGENCY', 195),
(135, 'GRAHA CEMANDI RESIDENCE', 196),
(136, 'GRIYA SURYA ASRI', 197),
(137, 'GRIYA PERMATA HIJAU', 199),
(138, 'PALEM PUTRI', 200),
(139, 'BUMI CANDI ASRI', 202),
(140, 'MENTARI BUMI SEJAHTERA', 203),
(141, 'MENTARI BUMI SEJAHTERA', 204),
(142, 'TENGGULUNAN - SUMOKALI MEGA ASRI', 205),
(143, 'BUMI CABEAN ASRI', 206),
(144, 'TANJUNG GRIYA MULYO', 207),
(145, 'TAMAN DELTA', 208),
(146, 'TAMAN DELTA REGENCY', 208),
(147, 'MUTIARA CITRA ASRI', 210),
(148, 'MUTIARA CITRA GRAHA I , II', 211),
(149, 'MUTIARA CITRA GRAHA III', 211),
(150, 'MUTIARA PRIMA RAYA', 212),
(151, 'TAMAN CANDILOKA', 213),
(152, 'PERMATA CANDI LOKA', 214),
(153, 'GRIYA CANDI PRATAMA', 215),
(154, 'GRAHA CANDI MAS', 216),
(155, 'SENTRA ALAM', 217),
(156, 'PUSPA GARDEN', 218),
(157, 'TAMAN PUSPA SARI', 219),
(158, 'GRIYA MULIA MAS', 223),
(159, 'GRIYA NIRWANA', 224),
(160, 'GADING FAJAR II', 225),
(161, 'ISTANA CANDI MAS REGENCY', 226),
(162, 'ALAM MUTIARA', 227),
(163, 'GRIYA PERSADA ASRI I', 228),
(164, 'GRIYA PERSADA ASRI 3', 228),
(165, 'GRIYA PERSADA ASRI 4', 228),
(166, 'HEAVENDLAND PARK', 231),
(167, 'BUKIT MUTIARA', 232),
(168, 'MUTIARA CITRA ASRI THP VI', 233),
(169, 'KING SAFIRA REGENCY', 234),
(170, 'PESONA SARI RESIDENCE', 235),
(171, 'CITRA SENTOSA MANDIRI', 236),
(172, 'KING SAFIRA RESIDENCE TAHAP 2', 234),
(173, 'TAMAN ANGGUN SEJAHTERA 4 (TAS 4) THP 1', 237),
(174, 'TAMAN ANGGUN SEJAHTERA 4 (TAS 4) THP 2', 237),
(175, 'GREEN PUSPA ASRI', 238),
(176, 'PERMATA PINANG GRAHA', 239),
(177, 'ORCHID REGENCY THP 1', 240),
(178, 'ORCHID REGENCY THP 2', 240),
(179, 'PURI SURYA JAYA', 247),
(180, 'PURI SURYA JAYA', 254),
(181, 'SURYA REGENCY', 248),
(182, 'PERMATA ALAM PERMAI', 250),
(183, 'GRIYA PERMATA GEDANGAN', 251),
(184, 'BUMI GEDANGAN INDAH', 252),
(185, 'BANANA PARK REGENCY', 251),
(186, 'DELTA MANDALA', 255),
(187, 'PERUM JAYA MASPION PERMATA', 256),
(188, 'KARANG INDAH ASRI', 257),
(189, 'VALENCIA GARDEN', 258),
(190, 'GREEN PARK RESIDENCE', 259),
(191, 'GRIYA CIPTA KARYA', 261),
(192, 'GRIYO TAMAN ASRI', 263),
(193, 'GRIYA SEPANJANG', 264),
(194, 'GRIYA SEPANJANG', 292),
(195, 'TAMAN PERMATA INDAH ', 265),
(196, 'TAMAN PONDOK JATI', 267),
(197, 'KEDUNGTURI PERMAI', 270),
(198, 'GRIYA WAGE ASRI', 272),
(199, 'VILLA WAGE UTAMA', 275),
(200, 'WISMA GILANG PERMAI', 276),
(201, 'CITRA HARMONI', 277),
(202, 'CITRA HARMONI', 278),
(203, 'CITRA HARMONI', 279),
(204, 'PURI TAMAN ASRI', 280),
(205, 'PONDOK WAGE INDAH ', 282),
(206, 'PONDOK WAGE INDAH II', 287),
(207, 'TAMAN ADHIKA', 289),
(208, 'TAMAN INDAH REGENCY', 291),
(209, 'GRIYA SEPANJANG THP II', 292),
(210, 'PERUMAHAN NON DINAS TNI AL / GRIYA SAMUDRA', 293),
(211, 'SAFIRA BLUE RESORT', 295),
(212, 'STAR SAFIRA REGENCY', 295),
(213, 'ISTANA ALOHA REGENCY', 296),
(214, 'D''SPRING OF TOMARROW', 297),
(215, '"DE'' EMERALD RESIDENCE"', 298),
(216, 'TAMAN VILLAGE', 299),
(217, 'GRAND ROYAL REGENCY', 300),
(218, 'ALAM PESONA', 303),
(219, 'TAMAN INTAN KRATON / KRATON RESIDENCE', 304),
(220, 'TAMAN SIDOREJO', 305),
(221, ' PESONA PERMATA UNGU', 309),
(222, 'GRAHA PERMATA SIDOREJO INDAH', 310),
(223, 'GRIYA LOKA JATIKALANG INDAH', 311),
(224, 'DUA PERMATA', 289),
(225, 'DUA PERMATA TAHAP II', 289),
(226, 'GRIYA PERMATA / MANDIRI RESIDENCE', 313),
(227, 'PURI BAGUS', 314),
(228, 'PURI BAGUS', 320),
(229, 'PILAR GRAHA PERSADA', 315),
(230, 'NIRWANA ASRI', 316),
(231, 'KRIAN INDAH', 317),
(232, 'BABADAN ASRI', 36),
(233, 'GRIYA KRIAN RESIDENCE', 318),
(234, 'THE GRAHA RESIDENCE', 319),
(235, 'ADDA PURIARTHA', 321),
(236, 'Jati Asri', 322),
(237, 'GRAHA SURYA', 323),
(238, 'THE QUALITY RESIDENCE', 324),
(239, 'Jati Asri II', 325),
(240, 'JASMINE RESIDENCE', 326),
(241, 'GRAHA SURYA MAS', 327),
(242, 'DIANA RESIDENCE', 328),
(243, 'KRIAN SEJAHTERA INDAH', 329),
(244, 'THE QUALITY GARDEN RESIDENCE', 330),
(245, 'TAMAN SUKO ASRI', 336),
(246, 'TAMAN PUSPA ANGGASWANGI', 338),
(247, 'GRAHA ASRI SUKODONO I', 340),
(248, 'GRAHA ASRI SUKODONO II', 340),
(249, 'MUTIARA KEBON AGUNG', 342),
(250, 'BUKIT PERMATA SUKODONO', 343),
(251, 'TAMAN ALOHA', 349),
(252, 'BERLIAN KENCANA SARI', 351),
(253, 'GRAHA MUTIARA', 352),
(254, 'GRAHA POS PROPERINDO', 353),
(255, 'PURI MAHARANI', 354),
(256, 'GRIYA KEBONAGUNG', 355),
(257, 'GRIYA KEBONAGUNG II', 355),
(258, 'PASEGAN ASRI', 356),
(259, 'PERMATA SUKODONO RAYA', 358),
(260, 'PRIMA GARDEN ESTATE', 360),
(261, 'PRIMA GARDEN ESTATE', 374),
(262, 'PONDOK BARUNGU', 361),
(263, 'STAR SAFIRA REGENCY 1', 364),
(264, 'STAR SAFIRA REGENCY 2', 364),
(265, 'TAMAN ALOHA 2', 365),
(266, 'CITRA SURYA MAS', 366),
(267, 'CITRA GADING', 367),
(268, 'SURYA ASRI TAHAP 2', 368),
(269, 'GRIYA VILLA DERMA', 370),
(270, 'GRAHA ASRI SUKODONO 3-A', 372),
(271, 'GRIYA MASANGAN ASRI THP 1', 373),
(272, 'GRIYA MASANGAN ASRI THP 2', 373),
(273, 'GRIYA MASANGAN ASRI THP 3', 373),
(274, 'JADE GARDEN', 375),
(275, 'GRAHA ASRI4 SUKODONO 4', 376),
(276, 'PERMATA SAIMBANG', 377),
(277, 'GRAND MASANGAN', 378),
(278, 'SUKODONO TOWN HOUSE THP 1', 379),
(279, 'SUKODONO TOWN HOUSE THP 2', 379),
(280, 'GRAND CITY PARK', 380),
(281, 'BUMI INDAH SENTOSA', 381),
(282, 'SENTRA PORONG', 385),
(283, 'GRIYA PRAMBON ASRI', 389),
(284, 'GRAHA INDRAPRASTA PRAMBON', 390),
(285, 'MUTIARA CITRA APSARI', 391),
(286, 'TAMAN ANGGUN SEJAHTERA V', 392),
(287, 'THE QUEEN GRAHA', 393),
(288, 'CITRA DIAMOND REGENCY', 394),
(289, 'TAMAN ANGGUN SEJAHTERA', 395),
(290, 'TAMAN SURYA KENCANA', 396),
(291, 'GRAHA PESONA', 397),
(292, 'PESONA SENTOSA RESIDENCE', 398),
(293, 'ISTANA RESIDENCE', 399),
(294, 'HARMONI KOTA 3 SIDOARJO RESIDENCE', 400),
(295, 'GRAHA INDRAPRASTA TULANGAN', 401),
(296, 'VILLA JASMINE 2', 36),
(297, 'PERMATA ANGGUN', 403),
(298, 'BUMI PAPAN SELARAS', 404),
(299, 'PESONA ALAM REGENCY', 405),
(300, 'KEMILAU SURYA', 406),
(301, 'PRIME PARK RESIDENCE', 407),
(302, 'CITRA CITY RESIDENCE THP I', 44),
(303, 'CITRA CITY RESIDENCE THP II', 44),
(304, 'NATURA RESIDENCE', 56),
(305, 'GRIYA PERSADA ASRI 2', 228),
(306, 'GRAHA ASRI SUKODONO III & IV', 340),
(307, '(BELUM ADA)', 3),
(308, '(BELUM ADA)', 4),
(309, '(BELUM ADA)', 6),
(310, '(BELUM ADA)', 8),
(311, '(BELUM ADA)', 9),
(312, '(BELUM ADA)', 21),
(313, '(BELUM ADA)', 24),
(314, '(BELUM ADA)', 26),
(315, '(BELUM ADA)', 39),
(316, '(BELUM ADA)', 40),
(317, '(BELUM ADA)', 41),
(318, '(BELUM ADA)', 36),
(319, '(BELUM ADA)', 42),
(320, '(BELUM ADA)', 54),
(321, '(BELUM ADA)', 55),
(322, '(BELUM ADA)', 58),
(323, '(BELUM ADA)', 59),
(324, '(BELUM ADA)', 60),
(325, '(BELUM ADA)', 61),
(326, '(BELUM ADA)', 62),
(327, '(BELUM ADA)', 65),
(328, '(BELUM ADA)', 66),
(329, '(BELUM ADA)', 67),
(330, '(BELUM ADA)', 72),
(331, '(BELUM ADA)', 73),
(332, '(BELUM ADA)', 75),
(333, '(BELUM ADA)', 77),
(334, '(BELUM ADA)', 78),
(335, '(BELUM ADA)', 84),
(336, '(BELUM ADA)', 85),
(337, '(BELUM ADA)', 87),
(338, '(BELUM ADA)', 91),
(339, '(BELUM ADA)', 95),
(340, '(BELUM ADA)', 103),
(341, '(BELUM ADA)', 113),
(342, '(BELUM ADA)', 114),
(343, '(BELUM ADA)', 115),
(344, '(BELUM ADA)', 117),
(345, '(BELUM ADA)', 129),
(346, '(BELUM ADA)', 130),
(347, '(BELUM ADA)', 132),
(348, '(BELUM ADA)', 133),
(349, '(BELUM ADA)', 134),
(350, '(BELUM ADA)', 135),
(351, '(BELUM ADA)', 136),
(352, '(BELUM ADA)', 137),
(353, '(BELUM ADA)', 140),
(354, '(BELUM ADA)', 141),
(355, '(BELUM ADA)', 142),
(356, '(BELUM ADA)', 144),
(357, '(BELUM ADA)', 145),
(358, '(BELUM ADA)', 146),
(359, '(BELUM ADA)', 159),
(360, '(BELUM ADA)', 160),
(361, '(BELUM ADA)', 161),
(362, '(BELUM ADA)', 162),
(363, '(BELUM ADA)', 165),
(364, '(BELUM ADA)', 166),
(365, '(BELUM ADA)', 167),
(366, '(BELUM ADA)', 168),
(367, '(BELUM ADA)', 169),
(368, '(BELUM ADA)', 170),
(369, '(BELUM ADA)', 171),
(370, '(BELUM ADA)', 172),
(371, '(BELUM ADA)', 176),
(372, '(BELUM ADA)', 177),
(373, '(BELUM ADA)', 179),
(374, '(BELUM ADA)', 180),
(375, '(BELUM ADA)', 181),
(376, '(BELUM ADA)', 182),
(377, '(BELUM ADA)', 183),
(378, '(BELUM ADA)', 188),
(379, '(BELUM ADA)', 190),
(380, '(BELUM ADA)', 198),
(381, '(BELUM ADA)', 201),
(382, '(BELUM ADA)', 2),
(383, '(BELUM ADA)', 209),
(384, '(BELUM ADA)', 220),
(385, '(BELUM ADA)', 221),
(386, '(BELUM ADA)', 222),
(387, '(BELUM ADA)', 229),
(388, '(BELUM ADA)', 230),
(389, '(BELUM ADA)', 241),
(390, '(BELUM ADA)', 242),
(391, '(BELUM ADA)', 243),
(392, '(BELUM ADA)', 244),
(393, '(BELUM ADA)', 245),
(394, '(BELUM ADA)', 246),
(395, '(BELUM ADA)', 249),
(396, '(BELUM ADA)', 253),
(397, '(BELUM ADA)', 260),
(398, '(BELUM ADA)', 262),
(399, '(BELUM ADA)', 266),
(400, '(BELUM ADA)', 268),
(401, '(BELUM ADA)', 269),
(402, '(BELUM ADA)', 271),
(403, '(BELUM ADA)', 273),
(404, '(BELUM ADA)', 274),
(405, '(BELUM ADA)', 281),
(406, '(BELUM ADA)', 283),
(407, '(BELUM ADA)', 284),
(408, '(BELUM ADA)', 285),
(409, '(BELUM ADA)', 286),
(410, '(BELUM ADA)', 288),
(411, '(BELUM ADA)', 290),
(412, '(BELUM ADA)', 294),
(413, '(BELUM ADA)', 301),
(414, '(BELUM ADA)', 302),
(415, '(BELUM ADA)', 306),
(416, '(BELUM ADA)', 307),
(417, '(BELUM ADA)', 308),
(418, '(BELUM ADA)', 312),
(419, '(BELUM ADA)', 331),
(420, '(BELUM ADA)', 332),
(421, '(BELUM ADA)', 333),
(422, '(BELUM ADA)', 334),
(423, '(BELUM ADA)', 335),
(424, '(BELUM ADA)', 337),
(425, '(BELUM ADA)', 339),
(426, '(BELUM ADA)', 341),
(427, '(BELUM ADA)', 344),
(428, '(BELUM ADA)', 345),
(429, '(BELUM ADA)', 346),
(430, '(BELUM ADA)', 347),
(431, '(BELUM ADA)', 348),
(432, '(BELUM ADA)', 350),
(433, '(BELUM ADA)', 357),
(434, '(BELUM ADA)', 359),
(435, '(BELUM ADA)', 227),
(436, '(BELUM ADA)', 362),
(437, '(BELUM ADA)', 363),
(438, '(BELUM ADA)', 369),
(439, '(BELUM ADA)', 371),
(440, '(BELUM ADA)', 382),
(441, '(BELUM ADA)', 383),
(442, '(BELUM ADA)', 384),
(443, '(BELUM ADA)', 386),
(444, '(BELUM ADA)', 387),
(445, '(BELUM ADA)', 388),
(446, '(BELUM ADA)', 402),
(447, 'Janken Janken', 1),
(448, 'Rumah Andra', 2),
(449, 'Rumah Ilmi', 1);

-- --------------------------------------------------------

--
-- Table structure for table `perusahaan`
--

CREATE TABLE IF NOT EXISTS `perusahaan` (
`id_perusahaan` int(11) NOT NULL,
  `nama_perusahaan` varchar(100) DEFAULT NULL,
  `pimpinan` varchar(100) DEFAULT NULL,
  `alamat` varchar(100) DEFAULT NULL,
  `telp` varchar(50) DEFAULT NULL,
  `fax` varchar(50) DEFAULT NULL
) ENGINE=InnoDB  DEFAULT CHARSET=latin1 AUTO_INCREMENT=408 ;

--
-- Dumping data for table `perusahaan`
--

INSERT INTO `perusahaan` (`id_perusahaan`, `nama_perusahaan`, `pimpinan`, `alamat`, `telp`, `fax`) VALUES
(1, 'PT. DELTA SARI', NULL, 'Jl. Jemur Andayani XX / 25 Surabaya', NULL, NULL),
(2, 'PT. WIDYA INDAH', NULL, 'Jl. Sekardangan No. 1 Sidoarjo', '8963727 - 29', NULL),
(3, 'PT. AVILLA PRIMA INTRA MAKMUR', 'SUTJIANTO KUSUMA', 'Jl. Manyar 2 B Surabaya', '5623323 - 24', '5616328'),
(4, 'PT. TRANICO ABDI BUANA', NULL, 'Jl. Bluru Kidul 12 Sidoarjo', NULL, NULL),
(5, 'PT. PUSKOPKAR JATIM', 'ISKANDAR', 'Jl. Kartini 97 Sidoarjo', '8921466', NULL),
(6, 'PT. PUSKOPKAR JATIM', NULL, 'Jl. Kartini No. 97 Sidoarjo', '8921466', NULL),
(7, 'PT. DUA SEKAWAN PROPERTINDO', 'DJOHAN TEDJA', 'Jl. Tanah Abang II / 88 Jakarta', '8963355', '8968669'),
(8, 'KPN. SANTHI DHARMA DIT.', NULL, 'Jl. Pemuda - Surabaya', NULL, NULL),
(9, 'PT. WISATAMA ABADI RAYA', 'PARYONO HADI SUMARDJO', 'Jl. Bungurasih II / 9 Waru - Sidoarjo', '8281770', NULL),
(10, 'PT. SURYA MAKMUR MANDIRI', 'NOVITA SANTOSA', 'Jl. Pahlawan Sidoarjo', '(031) 8961367', NULL),
(11, 'PT. PANTESENTA', 'Drs. SUSILO EFFENDI', 'PONDOK JATI TAHAP III', '8055040', NULL),
(12, 'PT. PERWIRA KUNCARA', NULL, 'Jl. Raya Kemiri 110 Sidoarjo ', '8421051', NULL),
(13, 'PT. SATRIA GRAHA ABDI BUANA', NULL, 'Jl. Darma Wangsa 152 Surabaya', '561621', NULL),
(14, 'PT. SURYA MUTIARA PROPERTINDO', 'Ir. AGUS SALIM KADIR', 'Jl. Ketampon Ruko Bintoro B 38-39 Sby', '5660324', '5613695'),
(15, 'PT. KHARISMA INDOPERKASA', NULL, 'Jl. Bongkaran No.61 Surabaya', '8963382;8963383', '8963383'),
(16, 'PT. PONDOK MUTIARA HARUM', NULL, 'Jl. Pemuda 60-70 Surabaya', NULL, NULL),
(17, 'PT. KOHIR PRIBADI', 'Ir. KOSASIH HERMANTO', 'Jl. Biliton 8 urabaya', '5030920', '5319058'),
(18, 'PT. TRI JAYA KARTIKA', 'BUDI SAID', 'Jl. Raya Margorejo Indah A / 308 - Surabaya', '8439889', '8439789'),
(19, 'PT. MITRA GEMILANG MAKMUR', NULL, 'Jl. Pemuda 27 - 31 Surabaya', '(031) 8678066;8954005 - 6', NULL),
(20, 'PT. MITRA GRIYA MAKMUR', 'Drs. PULUS TOTOK LUSIDA, Apt', 'Puri Indah Blok BE-3 Suko Sidoarjo', '8954006', NULL),
(21, 'PT. SWAGRAHA CIPTA SELARAS', NULL, 'Permata Timur VII Blok N-4 Pondok Kelapa Duren Sawit - Jakarta Timur', NULL, NULL),
(22, 'PT. KARTIKA MULIA EKA SAKTI', 'ANDRIANTO G', 'Polisi Istimewa No. 21 Surabaya', '081330619614;5667900', NULL),
(23, 'PT. SIDOMAJU INDUSTRI ESTAT', NULL, 'Jl. Sekawan Raya No.1 BCF Sidoarjo', NULL, NULL),
(24, 'PT. PERWIRA KUSUMA BHAKTI', NULL, 'Jl. Kartini 277 Sidoarjo', NULL, NULL),
(25, 'PT. BUMI MEGAH PRATAMA', 'HUSEIN SENA CAHYADI', 'KOMP. RUKO PERMATA JUANDA A-12', '8690001', NULL),
(26, 'PT. MEGAH JATI KARYA', NULL, 'Jl. Raya Margorejo Indah A / 308 Surabaya', NULL, NULL),
(27, 'PT. KARUNIA SURYA RAMADHAN', 'WAWAN RISTIYANTO', 'JL. RAYA JUANDA NO. 1/B-19 WARU JUANDA', '031-8553438;8554592;77336055', NULL),
(28, 'PT. PRASETYO JAYA MAKMUR', 'H.M. PARTOYO', 'Jl. Taruna 78 Wage Taman ', '8531325;8541892;8954472;8924899', NULL),
(29, 'PT. EDOWIN SARAFINA SELARAS', 'Drs. Ec. HM. NUH', 'Jl. Rongolawe 19 - Sby ', '5632592-93;5660884', NULL),
(30, 'PT. EDOWIN CITRA SELARAS', ' Drs. Ec. M. NUH', 'JL. RONGGOLAWE 19 SURABAYA', '031-5632592', '031-5660884'),
(31, 'PT. SATU PENDAWA ASRI', 'JOHANSA SURYA, SH.', 'JL. TRUNOJOYO 33 - SBY', '(031) 5676750;5676751', NULL),
(32, 'PT. CITRA MUTIARA INDAH', 'ROSITA INDRAWATI, SE', 'JL. KERTAJAYA INDAH 47 SURABAYA', '5962700', '5962800'),
(33, 'PT. BUMI MENTARI MEGAH', 'SRI HARTATIK', 'DS. CEMENGKALANG KOTA SIDOARJO', '(031) 8050774;8050775', NULL),
(34, 'PT. PRIMA CAHYA BUDI ANUGERAH', NULL, 'RUKO PERMATA JUANDA A-12 SIDOARJO', NULL, NULL),
(35, 'PT. LEMBAH NAN LESTARI', NULL, 'PERUM GRAHA REGENCY', '8944999', NULL),
(36, 'PT. BERSAMA MAKMUR ABADI', 'MULRASID', 'TAMAN PINANG INDAH BB 4/10 SIDOARJO', '8052555', '8052527'),
(37, 'PT. SAS BANGUN ISTANA', 'AHMAD', 'KOMPLEK RUKO GATEWAY F-16 SIDOARJO', '8554422;8554632', NULL),
(38, 'PT. NALA NENGGALA PERSADA', 'DEDDY SETYAWAN', 'JL. JEMURSARI UTARA III/5 SBY', '(031)71477111', NULL),
(39, 'PT. TRI-AS CIPTA PERSADA', NULL, 'VILLA TAMAN GAPURA G2/23 SBY', NULL, NULL),
(40, 'PT. BUMI KENCANA SEJAHTERA', NULL, 'KOMPLEK RUKO GATEWAY BLOK A/36 SDA', NULL, NULL),
(41, 'PT. GRAHA BUMI MODERN', NULL, 'WISMA SIER RUNGKUT INDUSTRI 10 SBY', NULL, NULL),
(42, 'PT. SURYA MUTIARA UTAMA', NULL, 'RUKO TAMAN KETAMPON KAV B 38-39 SBY', NULL, NULL),
(43, 'PT. BUMI SIDOARJO PERMAI', 'LIE LIDYAWATI', 'JL. KH. MUKMIN NO. 11 SIDOARJO', '5347886', NULL),
(44, 'PT. MEGA DASA SEMESTA', 'H.M AGUS SUMARTONO', 'JL. KALIDAMI NO. 1 SURABAYA', '5964681', NULL),
(45, 'PT. TIGA PILAR BAGIA', 'AGUS SURYANEGARA, ST', 'B.Katamso Ruko Waru Sentra Kav. 14A-14B', '8557248', NULL),
(46, 'PT. DUA PILAR JAYA ABADI', 'MULRASID', 'TAMAN PINANG INDAH BB4/7 SIDOARJO', '8052555', '8959999'),
(47, 'PT. MUTIARA MASYHUR SEJAHTERA', 'HARMIYUL ANDIKO', 'BUNGA MAYA NO. 15 MALANG', NULL, NULL),
(48, 'PT. MEGA DAYA SEMESTA', 'TJANDRA SUNDJAJA, SH', 'JL. RAYA DARMO 165 SURABAYA', '5679149;5679195', NULL),
(49, 'PT. NUSA GRAHA UTAMA', NULL, 'PONDOK JATI BLOK X/10 SIDOARJO', NULL, NULL),
(50, 'PT. BUMI SIDOARJO PERMAI', 'LIE LIDYAWATI, SE', 'Komp. Pertokoan Jenggala Plaza D-III SDA', NULL, NULL),
(51, 'CV. JAYA SENTOSA', 'HARI PUJIANTO', 'Manyar Dukuh No. 122 B Surabaya', '031 - 5998231', NULL),
(52, 'CV. LINTANG PERSADA PROPERTINDO', 'SAMSUL HUDA, ST', 'DESA SUDIMORO SELATAN RT.01 RW.04 TULANGAN - SIDOARJO', '031 - 8075785;031 - 88279806', NULL),
(53, 'KARUNIA LAND', 'SETIYO BUDI TRIPRIYONO', 'PERUM PRIMA GARDEN ESTATE BLOK A1-09', '031 - 70512565;0811345168', NULL),
(54, 'PT. GATHOT RUSDIJONO DKK', NULL, 'Jl. Desa Buduran - Sidoarjo', NULL, NULL),
(55, 'PT. AVILLA PRIMA INTRA MAKMUR', 'SUTJIANTO KUSUMA', 'Jl. Manyar 2 B Surabaya', '5623323', '5663351'),
(56, 'PT. WISMA IDAMAN MAKMUR', 'SISWANTO', 'Jl. Raya Wonokromo 107 Surabaya', '8437723', NULL),
(57, 'PT. SUMBER CAHAYA GEMILANG', 'IRWIN KOMARA, SH', 'Jl. Jenggolo 44 A Sidoarjo', '8942654;8942655', '8947017'),
(58, 'PT. KETUA KOP. KARY. COMFEED MAKMUR', NULL, 'Jl. Raya Buduran KM 35 Sidoarjo', NULL, NULL),
(59, 'PT. TAMAN BUANA ARUM', NULL, 'Jl. Opak No.23 Surabaya', NULL, NULL),
(60, 'PT. JATI KUSUMA WANGI', NULL, 'Jl. Pucang Indah Blok M - 7 Sidoaro', NULL, NULL),
(61, 'KEPALA BIRO PERLENGKAPAN PEMDA JATIM', NULL, 'Jl. Pahlawan No.110', NULL, NULL),
(62, 'PT. SURYA BUMI GRAHA LESTARI', 'HIMAWAN SANTOSA', 'Jl. Kedungdoro No. 76 Surabaya', '8961212', NULL),
(63, 'PT. HIJAU TEDUH LESTARI', 'SONNY WIBISONO, SE', 'Jl. Bung Tomo 8 Kav. 39 Surabaya', '5029952;5029953', NULL),
(64, 'PT. COMPOK INDAH LESTARI', 'NADJIB', 'Jl. Hang Tuah No. 4 C Surabaya', '8055157', NULL),
(65, 'PT. CITRA DAMAI PUTRA', 'Drs. SONDY SETIADY', 'Delta Sari Indah AP / 10 B Waru - Sidoarjo', '8534001;8538171', NULL),
(66, 'PT. GRAHA DAMAI PUTRA', NULL, 'PERUM. DELTA SARI INDAH AP 108 WARU', NULL, NULL),
(67, 'KPRI " HANDAYANI "', NULL, 'Jl. Genteng Kali No. 33 Surabaya', NULL, NULL),
(68, 'KOPKAR " SUMBER SEJAHTERA "', 'Ir. BUDI WALUYO', 'Jl. Welirang 18 Surabaya', '5341545', NULL),
(69, 'PT. CAHAYA FAJAR ABADITAMA', 'SUTOTO YAKOBUS', 'Jl. DHARMA HUSADA 177 SURABAYA', '5962700', '5962800'),
(70, 'PT. PANCA WIBAWA SURYA TAMA', 'Ir. AGUNG BUDIJANA', 'Jl. Pondok Maspion Blok R - 15', NULL, NULL),
(71, 'PT. MEGATOPMAS NUSANTARA', 'Ir. DIAZ MORENO', 'Jl. Mangundiprojo 1, Jl. Raya Buduran SDA', '8957777', '8942203'),
(72, 'PT. GRAHA BUDURAN PERKASA', NULL, 'Jl. Ruko Permata Bintoro Kav. 31-32 SBY', NULL, NULL),
(73, 'PT. MAJU MAKMUR BAGASANTI PERKASA', NULL, 'Jl. Ruko Permata Bintoro Kav. 31-32 SBY', '(031) 5678767', NULL),
(74, 'PT. SURYA MUTIARA PROPERTINDO', 'Ir. HERI SUGIJANTO', 'Jl. KETAMPON RUKO BINTORO B 38 / 39 SBY', '031-5660324', '5613695'),
(75, 'PT. MITRA BUDURAN PERKASA', NULL, 'Jl. Ruko Permata Bintoro Kav. 31-32 SBY', NULL, NULL),
(76, 'PT. BUMI PENTA NUSA', 'WIDHI SULTHON WAHYUDI', 'JL. RAYA TEBEL 20 GEDANGAN SIDOARJO', '8011277;70966599', NULL),
(77, 'PT. KOPATAS NIAGA KENCANA', NULL, 'Jl. BARATA JAYA 74A SURABAYA', NULL, NULL),
(78, 'PT. JAYA MULYA SEMESTA', NULL, 'JL. TAMBAK SAWAH NO. 5 WARU SIDOARJO', NULL, NULL),
(79, 'PT. PANCA JAYA GRIYA TAMA', 'YUWONO, SE', 'JL. GEDANGAN 12 SIDOARJO', '8540474', NULL),
(80, 'PT. CITRA GADING ASRITAMA', 'Ir. H. ICHSAN SUAIDI', 'JL. TAMBAK SAWAH NO. 5 WARU SIDOARJO', '8299111;8299333;8280696;8066219', NULL),
(81, 'PT. RORRY HANDAL JAYA', 'BUDI WALUYO, ST', 'JL. PAGESANGAN IV/22 SURABAYA', '5613317', NULL),
(82, 'PT. TRIDASA WINDU', 'BUDI WALUYO, ST', 'JL. WELIRANG 14 SURABAYA', '7344479', NULL),
(83, 'PT. SEMPANA SURYA ABADI', 'WIROHARYANTO TJOKRO', 'JL. BUBUTAN 73-75 SURABAYA', '5343026', '5343036'),
(84, 'PT. ASTA BANGUN GRAHA', NULL, NULL, NULL, NULL),
(85, 'PT. NUSA MAS PRAMUDITA', NULL, 'JL. UNDAAN WETAN 88 SURABAYA', NULL, NULL),
(86, 'PT. CHALIDANA INTI CAHAYA', 'H. MOCH. ILYAS', 'JL. RAYA DARMO 13-15 SURABAYA', NULL, NULL),
(87, 'PT. CAHAYAFAJAR ABADITAMA', NULL, 'JL. RAYA KERTAJAYA INDAH 47 (F-310) SBY', NULL, NULL),
(88, 'PT. ANUGERAH RIZKY ABDI', 'INAYATI EKA RUSTAFARINI', 'JL. PAHLAWAN 14 DAMARSI BUDURAN', '8913669', NULL),
(89, 'PT. CHALIDANA DWI MANDIRI', 'H. MOCH. ILYAS', 'Ruko Permata Juanda Blok A-10 Sidoarjo', '811345168', NULL),
(90, 'PT. KENCANARAYA MAJUJAYA', NULL, 'JL. GUBENG KERTAJAYA 10/16 SURABAYA', NULL, NULL),
(91, 'PT. MUTIARA MASYHUR SEJAHTERA', NULL, 'JL. RUKO MEGA GALAXY BLOK 14B/10 SURABAYA', NULL, NULL),
(92, 'PT. YEKAPE SURABAYA', 'H. CHOIRUL HUDA', 'Jl. Wijaya Kusuma 36 Surabaya', '5344822', NULL),
(93, 'PT. GUNA BANGUN PERKASA', 'Ir. AGOES SOERJANTO', 'Ruko Taman Niaga Blok B.22 Jl. Soekarno - Hatta Malang', '0341-40866;08123537370 (P. Dawan)', NULL),
(94, 'PT. ADHI PERSADA REALITI', 'M. ARIEF ASJ''ARI', 'JL. RY. PASAR MINGGU KM 18 JKT', '021-7974523', '021-7974525'),
(95, 'PT. JAYA LAND', NULL, 'Taman Gerbang Utama Kav. 1 Puri Surya Jaya Gedangan', NULL, NULL),
(96, 'PT. GRAHA AGUNG KENCANA', NULL, 'Jl. Gayung Kebonsari Ruko Graha Indah Blok A-2 Surabaya', NULL, NULL),
(97, 'PT. JAYALAND', 'Ir. MICHAEL MR TOAR', 'Taman Gerbang Utama Kav. 1 Puri Surya Jaya Gedangan', NULL, NULL),
(98, 'PT. SAS BANGUN ISTANA', 'AHMAD', 'Celep RT. 12 RW. 04 Kec. Sidoarjo', NULL, NULL),
(99, 'PT. GRAHA PERSADA UTAMA', 'SETU NANGGAL', NULL, NULL, NULL),
(100, 'PT. JAYA LAND', 'Ir. TEGUH SAID. H', 'Taman Gerbang Utama Kav. 1 Puri Surya Jaya Gedangan', NULL, NULL),
(101, 'PT. GRAMULIA UTAMA', NULL, 'Jl. Sumatera 64 Surabaya', NULL, NULL),
(102, 'PT. SURYA BUMI ADI SEJAHTERA', 'DJOKO SUSANTO', 'Jl. Raya Nginden 29 Surabaya', '(031) 5938857;5941930', NULL),
(103, 'PT. GENTING SATOTA TUJUH', 'Drs. HAMZAH SURYA ATMADJA', 'Jl. Prof. Dr. Mustopo 1 Surabaya', '5476332;5476334', NULL),
(104, 'PT. SARANA ADI PURI PERMAI', NULL, 'Jl. Tegal Sari No. 7 Surabaya', '(031) 5467123;5344239', NULL),
(105, 'PT. SUMBUL PITU SIWAH', NULL, 'Jl. Dr. Sutomo No. 7 Pandaan', '(0343) 633379', NULL),
(106, 'PT. PRASETYO MAKMUR JAYA MANDIRI', 'H.M. PARTOYO', 'Jl. Taruna 78 Wage Taman Sidoarjo', '8531325;8541892;8954472;8924899', NULL),
(107, 'PT. PRIMA GRAHA CANDRA KUNCARA', NULL, 'Jl. Darmo Kali 148 Surabaya', NULL, NULL),
(108, 'KOPERASI UNGGUL JAYA ABADI', 'Dra. Hj. ENDANG CHRISTIANI', 'Jl. S. PRIYO SOEDARMO - SIDOARJO', NULL, NULL),
(109, 'PT. TRI CIPTA PRATAMA NUSANTARA', 'Ir. EDDHIESON KISWANTO', 'JL. KUTISARI NO. 4 SURABAYA', '8066766', NULL),
(110, 'PT. BERSATU SUKSES SEJAHTERA', 'SABAR SANTOSO', 'JL. SIRING 290 PORONG', '0343-857000', NULL),
(111, 'PT. BERSATU SUKSES SENTOSA', 'SABAR SANTOSO', 'JL. SIRING 290 PORONG', '0343-857000', NULL),
(112, 'PT. MANDIRI SUKSES SENTOSA', 'SABAR SANTOSO', 'JL. SIRING 290 PORONG', '0343-857000', NULL),
(113, 'PRIMKOPAL MENBANPURMAR', NULL, 'Perum Bumi Mulyo Permai Blok A-29 Candi', NULL, NULL),
(114, 'PT. CITRATAMA ADIGRAHA', NULL, 'JL. MUSI 38 SURABAYA', NULL, NULL),
(115, 'PT. HOMELAND INDONESIA', NULL, 'JL. DHARMAHUSADA 115 SURABAYA', NULL, NULL),
(116, 'PT. SENTRA NIAGA TANGGULANGIN', 'Ir. BAYU HERLAMBANG', 'JL. RAYA WATES SBLH BARAT TOL DESA KEDENSARI, KEC. TANGGULANGIN', '8855459', '8853551'),
(117, 'PT. NUSANTARA MAKMUR SADHANA', NULL, 'JL. GAYUNG KEBONSARI KOMPLEK GRAHA INDAH A-3 SURABAYA', NULL, NULL),
(118, 'PT. BAYU BERKAT AGUNG', 'HADI SOETJIPTO', 'JL. TAMAN PINANG INDAH H5/5 SIDOARJO', NULL, NULL),
(119, 'PT. ABADI SEJAHTERA JAYA', 'DICKY SUTANTO', 'Perum Taman Asri Blok F No. 1', '8667633;8662229', NULL),
(120, 'PT. HASANA DAMAI PUTRA', 'Drs. SONDDHY SETYADI', 'Delta Sari Indah AP 10 Waru', '8534001;8538171', NULL),
(121, 'PT. GRAHA DAMAI PUTRA', 'Drs. SONDDHY SETYADI', 'Delta Sari Indah AP 10 Waru', '8534001;8538171', '8538171'),
(122, 'PT. GRAHA DAMAI PUTRA', 'Drs. SONDDHY SETYADI', 'Delta Sari Indah AP 10 Waru', NULL, NULL),
(123, 'PT. CITRA DAMAI PUTRA', 'Drs. SONDDHY SETYADI', 'Delta Sari Indah AP 10 Waru', '8534001;8538171', '8538171'),
(124, 'PT. UNIMAS WAHANA INDO NIAGA', NULL, 'Jl. Raya Waru No. 2 Sidoarjo', NULL, NULL),
(125, 'PT. WISMA MUKTI / PT. GRAHA MUKTI INDAH', 'NOVRI SUSANTI, SE, Ak. MF', 'Jl. Ngagel Jaya 80 Surabaya', '(031) 5022109', NULL),
(126, 'PT. SEMESTA ANUGRAH', 'HARTONO SANTOSO', 'Jl. Jemursari No. 256 Surabaya', '8432546', '8433200'),
(127, 'PT. BUMI NIRWANA', 'HARTONO SANTOSO', 'Jl. Jemursari No. 256 Surabaya', '8432546', '8433200'),
(128, 'PT. SURYA MUTIARA PROPERTINDO', 'Ir. HERI SUGIANTO', 'Jl. Diponegoro No. 170 Surabaya', '(031) 5613695;5622554', '(031) 5613695'),
(129, 'PT. SURABAYA LINGKAR MAS', NULL, 'Jl. Ngagel Jaya Tengah No. 21 Surabaya', NULL, NULL),
(130, 'PT. KARYA MAKMUR', 'WIJAYA PANGESTU', 'Jl. Raya Gubeng No. 5 Surabaya', NULL, NULL),
(131, 'PT. BHAKTI PERTIWI', NULL, NULL, NULL, NULL),
(132, 'PT. AVILLA PRIMA INTRA MAKMUR', 'SUTJIANTO KUSUMA', 'Jl. Dr. Wahidin No. 11 A Sidoarjo', '5623323', NULL),
(133, 'PT. PUTRA YUSTIKA ABADI', NULL, 'Jl. Raya Nginden No. 85 Surabaya', NULL, NULL),
(134, 'KETUA DANA PENSIUNAN MERPATI NUS.', NULL, 'Jl. Bunga Mawar 32 Jakarta', NULL, NULL),
(135, 'PT. ABADI MAKMUR PROPERTINDO', 'WIMARTO KUSUMA', 'Jl. Letjen Sutoyo 24 Medaeng', '8532589', '8532791'),
(136, 'PT. JENGGALA HANDAYANI JAYA', 'J. Purwati Wahyu Handayani', 'Jl. Kertajaya XI-3 Surabaya', '5353057', NULL),
(137, 'PT. BUKIT CEMARA HIJAU ASRI', 'ANTONIUS SANTOSO', 'Jl. Sutorejo Prima Indah 19 Surabaya', '5921863;5925018', NULL),
(138, 'PT. BAHAGIA SENTOSA MEGAH', 'H. SOEBAGJO', 'JL. CIPUNEGARA 18 SURABAYA', NULL, NULL),
(139, 'PT. SARANA WISMA PERMAI', 'AGUS WIBISONO', 'JL. JOHAR 6 SURABAYA', '3533937', '3533821'),
(140, 'PERUM DIN. PEG. DIT. JEND PERHUB. UDARA', NULL, NULL, NULL, NULL),
(141, 'PT. SATRIA GRAHA ABDI BUANA', NULL, 'JL. DHARMAWANGSA 152 C SURABAYA', NULL, NULL),
(142, 'PT. BUMI GRAHA MEGAH JAYA', NULL, 'JL. DHARMAWANGSA 152 C SURABAYA', NULL, NULL),
(143, 'PT. CHALIDANA INTI PERMATA', NULL, 'JL. RAYA DARMO 113-115 SURABAYA', NULL, NULL),
(144, 'PT. KENDALI JIWO', NULL, 'PONDOK BENOWO INDAH GA-1 SURABAYA', NULL, NULL),
(145, 'PT. MENTARI ESTATE', NULL, 'JL. TAMBAK REJO RT.03/01 NO. 6 WARU SDA', NULL, NULL),
(146, 'PT. DANAU REJEKI', NULL, 'JL. KUTISARI XII/41 SURABAYA', NULL, NULL),
(147, 'PT. DIPARANU RUCITRA', NULL, 'JL. KERTOMANUNGGAL IX/9 SURABAYA', NULL, NULL),
(148, 'PT. CITRA CANDRA TALENTA', 'RUTH CANDRA KUSUMA, SH', 'JL. TAMBAKSUMUR, WARU SIDOARJO', '70208007', NULL),
(149, 'IR. BENNY GUNAWAN', 'IR. BENNY GUNAWAN', 'JL. JOYOBOYO 14 MEDAENG RT 4/RW 2 WARU SIDOARJO', NULL, NULL),
(150, 'PT. BAHAGIA ABADI', 'JOHNNY BING TONO TAN', 'JL. PELIKAN Z/13 WEDORO WARU SIDOARJO', '031 - 8538547', NULL),
(151, 'SIPOA PROPERINDO ABADI', 'KLEMENS SUKARNO CANDRA', 'DS. PEKARUNGAN RT.2 RW.1 SUKODONO', NULL, NULL),
(152, 'PT. TRI CIPTA PRATAMA NUSANTARA', 'EDDHISON KISWANTO', 'JL. KUTISARI NO. 4 SURABAYA', NULL, NULL),
(153, 'PT. POMDOK LAKSANA INDAH PERMATA', 'SUWANDI, SH', 'RUNGKUT ASRI UTARA XX/44 RL III-H/22 YKP SBY', NULL, NULL),
(154, 'PT. ANYAR CITRA HUNI', 'SUHARTONO', 'Jl. Kapasari 26-28 Genteng Surabaya', '031 - 5678392', NULL),
(155, 'PT. GM JAYA MANDIRI', 'SANDRA DEWI HENDRAWIDJAYA', 'Jl. Ry. Kertajaya Indah no. 71 Surabaya', NULL, NULL),
(156, 'PT. AGA MAKMUR', 'AHSANUL HAQ', 'Jl. Ry. Tambakrejo No. 69A, Waru Sidoarjo', '031 - 8677080;72828834;085730809830 (Qowi)', NULL),
(157, 'PT. MEGAH SURYA INDAH JAYA', 'ARIS BIRAWA', 'JL. PASAR 4 TAMBAK OSO WARU - SDA', '031 - 70994491', NULL),
(158, 'PT. DWILINGGA MANUNGGAL PRATAMA', 'ANG. ALVIN SUHANDINATA', 'JL. KALIMAS BARU 88 C SURABAYA', '031 - 3283565;08123593198', NULL),
(159, 'PT. PONDOK SEDATI ASRI', 'ALEX TANUWIJAYA', 'Jl. Jemur Andayani XX / 25 SBY', '031-8918044', NULL),
(160, 'PT. NUSANTARA LAND', NULL, 'Jl. Villa Kali Judan Indah Surabaya', NULL, NULL),
(161, 'PT. VILLA DARMA INDAH', 'MARIANA', 'Jl. Dr. Sutomo 75 Surabaya', '5678766', NULL),
(162, 'PT. ASBASANTA ABADI', NULL, 'Jl. Gelora 28 Sidoarjo', NULL, NULL),
(163, 'PT. PANCA KARTIKA JAYA SENTOSA', 'HM. NURWAKHID', 'Jl. Raya Panjang Jiwo 46-48 Surabaya', '8475614', '8482350'),
(164, 'PT. BERKAT CANDRA MAS', 'MARIANA', 'Jl. RA. Kartini 46 Surabaya', '5678766', '5678446'),
(165, 'PT. CITRA DAMAI PUTRA', NULL, 'Jl. Cempaka Putih Permai Blok A-11 Jakarta', NULL, NULL),
(166, 'PT. SEMERU CEMERLANG', NULL, 'Jl. Tempel 47 Surabaya', NULL, NULL),
(167, 'PT. SURYA INTI PERMATA', NULL, 'Jl. Raya Juanda (Perum. Permata Juanda)', '8666666', '8665933'),
(168, 'PT. SETIA BAKTI PERKASA UTAMA', 'SOELIKAN, B.Sc.', 'Jl. Wisma Kedung Asem Indah Blok A-12 Sby', NULL, NULL),
(169, 'PT.SEMERU CEMERLANG PERMATA JUANDA ESAT WING AS', NULL, 'Jl. Raya Juanda', NULL, NULL),
(170, 'PT. TUNGGAL JAYA RESTUTAMA', NULL, 'Jl. Teuku Umar II No. 12', NULL, NULL),
(171, 'PT. PUSKOPKAR JATIM', NULL, 'Jl. Kartini 97 Sidoarjo', NULL, NULL),
(172, 'PUSKOPKAR JATIM', NULL, 'JL. KARTINI 97 SIDOARJO', NULL, NULL),
(173, 'PT. JENGGALA HANDAYANI JAYA', 'J. Purwati Wahyu Handayani', 'Jl. Kertajaya XI-3 Surabaya', '5030669;5033057', NULL),
(174, 'PT. KPRI AL-IKHLAS DEPAG. KMS', NULL, 'Jl. Manyar Kertoadi 1 Surabaya', NULL, NULL),
(175, 'PT. GRAHA NUSA CAHYARAYA', 'Ir. SLAMET SOEWANDI', 'JL. NGAGEL JAYA SELATAN K-22 SBY', '5020965;5023516', '5023517'),
(176, 'PT. NUSANTARA SURYA RAYA PERMAI', NULL, 'PERMATA MAYJEN SUNGKONO II /A-7 SBY', NULL, NULL),
(177, 'PT. FORTUNA HARISSINDO DIANTAMA', NULL, 'JL. KANGINAN 12 SURABAYA', NULL, NULL),
(178, 'PT. RAMA JAYA LESTARI', NULL, 'JL. ZAINAL ABIDIN NO. 2 SEDATI GEDE', NULL, NULL),
(179, 'PT. PERKASA BUMI MAKMUR', NULL, 'JL. SULAWESI NO. 39 SURABAYA', NULL, NULL),
(180, 'PT. SARANA KOSTRINDO JATIM', NULL, 'JL. RAYA DARMO NO. 80 SURABAYA', NULL, NULL),
(181, 'PT. SUAR BINTANG YUDHA', NULL, 'JL. BUNG TOMO NO. 8 KAV. 52 SURABAYA', NULL, NULL),
(182, 'PT. MUTIARA GRAHA PERSADA', NULL, 'JL. RAYA SEDATI GEDE 81 JUANDA', NULL, NULL),
(183, 'PT. KENDALI JIWO', NULL, 'JL. PONDOK BENOWO INDAH GA-1 SBY', NULL, NULL),
(184, 'PT. ADHI MANUNGGAL PERKASA', 'AGUS SUKOTJO', 'JL. AHMAD YANI 107 SURABAYA', '8292828', NULL),
(185, 'PT. MEGAKARYA GRAHA MAS', NULL, 'JL. BUNG TOMO 8 KAV. 30 SURABAYA', NULL, NULL),
(186, 'PT. GRAHA BANGUN PERSADA MAS MULIA', 'HARI ADJI SOETOMO, S.Psi, MBA', 'JL. RAYA RUNGKUT MENANGGAL 3-5 SBY', '8702573;8703116', NULL),
(187, 'PT. BAHTERA SUKSES BERSAMA', 'BOWO JARWO, S.Si', 'JL. RAYA MANYAR 95B SURABAYA', '5912162;5952360', NULL),
(188, 'PT. DIANFORTUNA ERISINDO', NULL, 'JL. RAYA PULUNGAN NO. 1 SEDATI SIDOARJO', NULL, NULL),
(189, 'PT. JAYA LAND', 'IR. RIALDY LOKAPUTRA', 'RUKO TAMAN NAGOYA G09-02 PURI SURYA JAYA SIDOARJO ', '8912900', NULL),
(190, 'PT. JAYA LAND', NULL, 'TAMAN GERBANG UTAMA KAV.1 PURI SURYA JAYA GEDANGAN - SIDOARJO', NULL, NULL),
(191, 'BADAN PEMERIKSA KEUANGAN (BPK) RI', NULL, NULL, NULL, NULL),
(192, 'PT. NILOVAR INDAH PERMAI', 'ZAKIUDIN', 'JL. H. Syukur IV Dusun Gabung Sedati SDA', NULL, NULL),
(193, 'DIWANGKARA BANGUN PERSADA', 'MUWARDI', 'JL. PULO KAMBING II KAV 1-53 KIP JKT', '031 - 7742430', NULL),
(194, 'PT. MANDIRI MEGAH ABADI', 'MUWARDI', 'WISMA PERMAI BARAT 2/NN-44 MULYOREJO-SBY', '811326826', NULL),
(195, 'PT. TITIWANGSA KENCANA', 'HADI SUDARYO', 'RUKO RUNGKUT MAKMUR C-67 JL. RY KALIRUNGKUT 27 SBY', '031-71612428 / 085852599331', NULL),
(196, 'PT. GOSYEN JAYA', 'NAGA SETIAWAN', 'ALAM GUNUNG RAYA II/2 SURABAYA', NULL, NULL),
(197, 'PT. ARTO MORO', 'FERRY TJANDRA JAYA', 'Jl. Residen Sudirman 44 Surabaya', '5340573', '8314444'),
(198, 'PT. CITRA GRAHA MEGA ASRI', NULL, 'Jl. WISMA PERMAI BARAT DD-8 SBY ', '5938001;5938341;5932800', '8732505'),
(199, 'PT. BATARA CIPTA GRIYA', 'AGUS MUSTOFA', 'Jl. PREGOLAN 17 SURABAYA', '5341649;5340308', NULL),
(200, 'PT. LEMBAH NAN LESTARI', 'P. HENRY, P. DOTU / SUWANTO K', 'Jl. SIAGA (komp, PASAR ATOM SBY)', '23545;330793', NULL),
(201, 'PT. BUANA PANCAR SEJAHTERA', NULL, 'Jl.KH. HASYIM ASYARI 125 B SURABAYA', NULL, NULL),
(202, 'PT. BUMI DWI NUSA', NULL, 'Jl. RAYA BUDURAN NO. 29 SIDOARJO', '(031) 5946400', '5946403'),
(203, 'PT. BINTANG KARYASAMA', 'DENNY POLANDAUW', 'Jl. Raya Kupang Indah 23 Surabaya', '7311646;9982732', NULL),
(204, 'PT. BINTANG KARYA SAMA', 'DENNY POLANDAUW', 'Jl. Raya Kupang Indah 23 Surabaya', '7311646;9982732', NULL),
(205, 'PT. CITRA MEGAH SANTOSO', NULL, 'Jl. WISMA PERMAI BARAT EE 27 SBY', '8954056', NULL),
(206, 'PT. SUBUR AGUNG NUSANTARA', NULL, 'Jl. Mayjen Prof. Dr. Moestopo', '5469900', NULL),
(207, 'KETUA PRIMKOPAL MENBANPURMAR', NULL, 'Karang Pilang Surabaya', NULL, NULL),
(208, 'PT. KARYA DELTA NADILA', 'Drs. SAMSUL WAHID, MM', 'JL. CEMPAKA 14 SEKADANGAN SIDOARJO', '031- 8921286;081357870633', NULL),
(209, 'YAYASAN SOSIAL BHUMYAMCA', 'JUWITO', NULL, NULL, NULL),
(210, 'PT. CITRA TAMA ADIGRAHA', 'MUHAMMAD, SH', 'JL. MUSI 38 SURABAYA', '5669222', '5630066'),
(211, 'PT. CITRA TAMA ADIGRAHA', 'MUHAMMAD, SH', 'JL. MUSI 38 SURABAYA', '5669194;5687183                      ', NULL),
(212, 'PT. CITRA TAMA ADIGRAHA', 'MUHAMMAD, SH', 'JL. MUSI 38 SURABAYA', '5669194;5687183', NULL),
(213, 'PT. MAJU MAKMUR BAGASANTI PERKASA', 'Ir. BAYU HERLAMBANG', 'JL. Dr. WAHIDIN NO. 12 SURABAYA', '5678767', NULL),
(214, 'PT. MAJU MAKMUR BAGASANTI', 'Ir. BAYU HERLAMBANG', 'DS. NGAMPELSARI - SIDOARJO', '5678787', NULL),
(215, 'PT. NUGRAHA ADHIKARSA PRATAMA', NULL, 'Jl. Dharma Husada Indah Blok A-104 SBY', NULL, NULL),
(216, 'PT. MEGA KARYA GRAHA MAS', 'Ir. SUKARDJO SUTIOSO', 'JL. BUNG TOMO 8 KAV. 30 SURABAYA', '031-5029952', '031-5029953'),
(217, 'PT. SENTRA INTI PERKASA', 'HM. NURWAKHID, SH, MBA', 'TENGGILIS UTARA 19 SURABAYA', '8419362', '8475614'),
(218, 'PT. SENTRA INTI PERKASA', 'HM. NURWAKHID, SH, MBA', 'PONDOK MUTIARA BLOK A-12 SIDOARJO', '71982354;8960124;8946145', NULL),
(219, 'PT. SATU PENDAWA ASRI', 'JOHANSA SURYA', 'JL. TRUNOJOYO 33 SURABAYA', '5678911;5678912', NULL),
(220, 'PT. MANDIRI SUKSES SEJAHTERA', NULL, NULL, NULL, NULL),
(221, 'PT. CITRA UTAMA NIAGA NUSANTARA', NULL, NULL, NULL, NULL),
(222, 'PT. MALIK IBRAHIM EMPAT LIMA', NULL, NULL, NULL, NULL),
(223, 'PT. ANEKA CIPTA MULIA INDAH', 'Ir. BIHAR AS TOBING', 'JL. DUKUH MENANGGAL III SURABAYA', '8283416;8283417', '8280617'),
(224, 'PT. SENTRA BUMI NIRWANA', 'Jl. RAYA BUDURAN 227 SIDOARJO', 'NURWAKHID, SH, MBA', '8056581', '8056583'),
(225, 'PT. SUMBER CAHAYA GEMILANG', 'NOVITA SANTOSO', 'JL. RAYA JENGGOLO 44A SIDOARJO', '8942654;8942655', NULL),
(226, 'PT. PANCA CAHAYA ABADI', 'AHMAD', 'RUKO GATEWAY BLOK B-16 JL. RAYA WARU', '8556226;8556222', '8554157'),
(227, 'PT. SENTRA KARYA MUTIARA', NULL, 'JL. NGAGEL 179-183 SURABAYA', NULL, NULL),
(228, 'PT. TRI-AS CIPTA PERSADA', 'EDYTHIA YUDHA PRASETYA', 'VILLA TAMAN GAPURA G2/3 CITRALAND SBY', '7413429', '7413411'),
(229, 'PT. CITRA TAMA ADIGRAHA', NULL, 'JL. MUSI 38 SURABAYA', NULL, NULL),
(230, 'PT. PURI CANDI INDAH', NULL, 'JL. R. SUPADI RIDWAN 2 SIDOARJO', NULL, NULL),
(231, 'PT. GRAHA MUKTI INDAH', 'NOVRI SUSANTI SE. Ak, MF', 'JL. KERTAJAYA INDAH TIMUR 21/102 SBY', '5022109', NULL),
(232, 'PT. PUNCAK GEMILANG', NULL, 'JL. PONDOK JATI AM-22 SIDOARJO', NULL, NULL),
(233, 'PT. CITRA TAMA ADIGRAHA', 'MUHAMMAD, SH', 'JL. MUSI 38 SURABAYA', '5669222', NULL),
(234, 'PT. CHALIDANA INTI PERMATA', 'H. MOCHAMMAD ILYAS', 'JL. RAYA WIYUNG C/9 SURABAYA', '7665960', '7670363'),
(235, 'PT. PANCA SEMPURNA JAYA', NULL, 'RUKO GADING FAJAR 2 BLOK D2/5A', '8069870', NULL),
(236, 'PT. CITRA SEKAWAN MANDIRI', 'DRS. DJOKO SUTANTO', 'PONDOK JATI II BD 4 SIDOARJO', NULL, NULL),
(237, 'BERSATU SUKSES SWADANA', 'SABAR SANTOSO', 'Ruko Gerbang Permata Sda Regency Jl. Ry Kludan Tngin', '031 - 5615050', NULL),
(238, 'PT. GANDA PRIMA PERKASA', 'ERNI MUSLIMAH, SE', 'JL. OGAN NO.12 DARMO SURABAYA', '031-5676501;081230224878', NULL),
(239, 'PT. NUSA GRAHA UTAMA', 'Ir. EDI PURBOWO, SH', 'TAMAN GADING PANTAI 2/29 DUKUH SUTOREJO SBY', '031-34101961;081330572062', NULL),
(240, 'PT. ANUGRAH KARYA PERKASA ABADI', 'BUDI SANTOSO', 'JL. KUTISARI SEL IV RUKO KUTISARI SQUARE A-5', '031-8498485', NULL),
(241, 'PT. SURYA INTI PERMATA', NULL, 'JL. RAYA JUANDA KOMP. PERUM JUANDA', NULL, NULL),
(242, 'PT. RUDI SINATRA', NULL, 'JL. KRAKATAU 35 SURABAYA', NULL, NULL),
(243, 'PT. SEMERU CEMERLANG PERMATA', NULL, 'JL. RAYA JUANDA - SIDOARJO', NULL, NULL),
(244, 'JATARUPA PRAKARSA JAYA', NULL, 'JL. GELORA NO. 1 SIDOARJO', NULL, NULL),
(245, 'PT. JAGAD RAYA PRAKARSA JAYA ', NULL, 'JL. GELORA NO. 1 SIDOARJO', '8941442', NULL),
(246, 'PT. LEMBAH NAN LESTARI', NULL, 'JL. PENATARAN NO. 15 SURABAYA', NULL, NULL),
(247, 'PT. JAYA REALTY', NULL, 'JL. MH. THAMRIN 12 JAKPUS', NULL, NULL),
(248, 'PT. CENTRA BAKTI DEVINDO', 'A. RIFA''I , SE.Ak', 'JL. Mangundiprojo 1, Jl. Raya Buduran SDA', '8957777', '8942203'),
(249, 'PT. KARYA MAKMUR', NULL, 'JL. RAYA GUBENG NO. 5 - SURABAYA', NULL, NULL),
(250, 'PT. PANCA ANUGERAH JAYA ABADI', 'HANAFI RAHMAD', 'JL. RAYA GEDANGAN 12 - SIDOARJO', '8540474', NULL),
(251, 'PT. GOTA MULYA', 'Ir. TULUS HARIANTO', 'Jl. Raya Jemursari 236 Kav-12 Surabaya', '8472700', '8413926'),
(252, 'PT. EKA SURYA MUTIARA ', 'Ir. HERY SUGIANTO', 'JL. KARTINI 17 SURABAYA', '5669555', '5623625'),
(253, 'WAHANA SENTRA PERSADA INDAH', NULL, 'JL. MARGOREJO INDAH C - 503 SURABAYA', NULL, NULL),
(254, 'PT. PRAKARSA PUTRA BINAMIKA', NULL, 'RUKO PURI SURYA JAYA A2/3 GEDANGAN', NULL, NULL),
(255, 'PT. GRAHA DAMAI PUTRA', 'DRS. SONDDHY SETIADY', 'DELTA SARI INDAH AP-10 B WARU SIDOARJO', '8534001;8534003', NULL),
(256, 'PT. JAYA LAND (PT.MEGATOPMAS PRIMA)', 'Ir. AHMAD ZUBRIADI', 'Graha Ry. Fedora Blok J-J/28 Tanggerang', NULL, NULL),
(257, 'CV. SUKSES MANDIRI LAND', 'H. SUUDHI', 'GG. MURAI RT.01 RW.03 GEDANGAN SDA', NULL, NULL),
(258, 'PT. JAYA LAND', 'Ir. MICHAEL Mr.T', NULL, NULL, NULL),
(259, 'PT. NUSANTARA MEGAH RAYA', 'SLAMAT SOEWANDI', 'JL. RY. MANYAR 24 SURABAYA', '031 - 5040618', NULL),
(260, 'PT. PRIMA UTAMA KARYA', 'SUROSO PRAYOGO L.', 'JL. RAYA KUPANG JAYA A1/14 SBY', '710683', NULL),
(261, 'PT. BINATRAYA PUPANTARA', NULL, 'JL. SELAMET NO. 7 SURABAYA', NULL, NULL),
(262, 'PT. MEGA TOPMAS PRIMA', NULL, 'JL. GARUDA BLOK C 2/14 JAKARTA', NULL, NULL),
(263, 'PT. WIJAYA KARYA', 'SANTOSO WIBISONO', 'JL. EMBONG WUNGU NO. 7 SURABAYA', '5340773;5470710', NULL),
(264, 'PT. CIPTA TUNGGAL PRIMA', NULL, 'Jl. Darmo Permai Utara II No. 17 Sby', NULL, NULL),
(265, 'PT. BIMA SAKTI RAYA GEMAH RIPAH', 'TEK HOLIYANTO', 'JL. KINIBALU 18 SURABAYA', '5471028', '5471029'),
(266, 'PT. TROPODO MEGAH RAYA', 'SARWONO SISWANTO', 'JL. DIPONEGORO 16 SURABAYA', '5676631', NULL),
(267, 'PT. PANTESENTA', 'Drs. Ec. SUSILO EFFENDY', 'JL. DIPONEGORO 16 SURABAYA', '(031) 5676631', '(031) 5611227'),
(268, 'PT. CANDRALOKA MAHA SAKTI', NULL, 'Jl. Darmo Park II Blok 6 No. 8 - Sby', NULL, NULL),
(269, 'PT. CITRA BUMI INTI SELARAS', NULL, 'JL. BUKIT GOLF TERACE BLOK HA.8-SBY', NULL, NULL),
(270, 'PT. SATRIA GRAHA ABDI BUANA', NULL, 'JL. VILLA KALIJUDAN INDAH F-9 SBY', NULL, NULL),
(271, 'PT. ABADI MAKMUR PROPERTINDO', NULL, 'JL. LETJEN SUTOYO 241 MEDAENG-SDA', NULL, NULL),
(272, 'PT. BARANUSA DANATAMA', NULL, 'JL. Dharma Husaha Indah Selatan I/16-SBY', '8945075', '5928167'),
(273, 'PT. KARYA MAKMUR', NULL, 'Jl. Raya Gubeng No. 5 Surabaya', NULL, NULL),
(274, 'KOP. KARY. ANGKUTAN BECAK BERMOTOR', NULL, 'JL. KEPUTIH III C No. 51-53 SBY', NULL, NULL),
(275, 'PT. URIP UTAMA CORPORATION', NULL, 'Jl. Taman Ade Irma Suryani Nasution 33 H Sby', '5676398;5622521', NULL),
(276, 'PT. KOPKAR DWIJA KARYA IKIP PGRI SBY', 'RUDJI GUNUNG MULYATNO', 'JL. NGAGEL DADI II B / 27 SURABAYA', '031-5939751', '031-5921826'),
(277, 'PT. KARYA PRIMA HIJAU SELARAS', 'IR. SUTOTO YAKOBUS', 'Jl. Bukit Golf Terace Blok H-4 No. 8 Lt. II', '7886949;7886969', NULL),
(278, 'PT. ASWIN ANUGERAH', 'IR. SUTOTO YAKOBUS', 'Taman Perkantoran Citra Raya Kav.1 SBY', '7886949', NULL),
(279, 'PT. INTI LOKAHITA', 'IR. SUTOTO YAKOBUS', 'Jl. Bukit Golf Terace Blok H-4 No. 8 Lt. II Citra Raya', '7886949', NULL),
(280, 'PT. PURI KENCANA CITRA RAYA ', 'R. ANTON', 'Ruko Permata Bintoro Kav. 138 Surabaya', '5635032', NULL),
(281, 'PT. CITRA TRIES MANDIRI ', NULL, 'Elbra F5 Sekardangan Sidoarjo', NULL, NULL),
(282, 'PT. NUSANTARA INDORAYA LAND', 'AYU RIDWANTO', 'Jl. Ngagel Jaya Selatan 159-SBY', '( 031 ) 5619418;5617159', NULL),
(283, 'PT. ISPATINDO', NULL, 'Kedungturi', NULL, NULL),
(284, 'PT. ISPATINDO', NULL, 'DESA KEDUNGTURI', NULL, NULL),
(285, 'PT. SIDODADI INDAH KARYA', NULL, 'JL. HAMZAH FANSYURI 33 SURABAYA', NULL, NULL),
(286, 'POLDA JATIM Up.KEPALA DIREK. LOGISTIK', NULL, 'JL. A. YANI - SBY', NULL, NULL),
(287, 'PT. NUSANTARA MEGAH RAYA', 'Ir. SOEWANDI', 'Jl. Ngagel Jaya Selatan 159 Surabaya', '5040618', NULL),
(288, 'PT. ALIM SURYA STEEL CORPORATION', NULL, 'JL. LETJEND. SUTOYO 241 SIDOARJO', NULL, NULL),
(289, 'PT. BARENG MAKMUR', 'H. MAS''UD', 'BARENGKRAJAN RT 9 / RW 3 KRIAN', '70594001', NULL),
(290, 'PT. KARYA MAKMUR', NULL, 'JL. EMBONG WUNGU 7 SURABAYA', NULL, NULL),
(291, 'PT. MITRA BENTALA BUANA', 'JOHNNY ISKANDAR BUDIMAN', 'JL. RAYA MARGOREJO INDAH A 308-309 SBY', '8439889;9996699 ', NULL),
(292, 'PT. CIPTA TUNGGAL PRIMA', 'IR. HADI SANTOSO', 'JL. DARMO PERMAI UTARA II NO. 17 SBY', '5024478;5013921', NULL),
(293, 'INDUK KOPERASI TNI AL', NULL, 'JL. Boulevard Barat 1 Kelapa Gading Jakut', NULL, NULL),
(294, 'PT. BERSAMA MAKMUR ABADI', NULL, 'Perum Taman Pinang Indah BB4/7 Sidoarjo', NULL, NULL),
(295, 'PT. CHALIDANA INTI PERMATA', 'MOCH. ILYAS', 'JL. WIYUNG 101 SURABAYA', '031-7670363;0811345168;031 - 70512565', NULL),
(296, 'CV. TRIJAYA SETIA BERSATU', 'BANI SUCHAIRY', 'JL. LETJEN SUTOYO RUKO BUNGURASI BLOK A-11 SIDOARJO', NULL, NULL),
(297, 'PT. CIPTA ADHI PERKASA', 'ADITYA CAHYADI', 'JL. RY. WARU NO. 38 RT. 07 RW. 02 WARU', NULL, NULL),
(298, 'PT. GARIS GEMILANG', 'Drs. R. TRANGGONO, MM', 'JL. UNTUNG SUROPATI NO. 75 SBY', NULL, NULL),
(299, 'PT. UNGGUL PERKASA MANDIRI', 'Dra. ENDANG CHRISTIANI', 'JL. Sunandar Ps. Ruko Jenggolo Mas RTA-15 Sidoarjo', '031 - 8051487;031 - 70533032;085691629790', NULL),
(300, 'PT. SATRIA GRAHA ABDI BUANA', 'ARIEF RIDWANTO', 'JL. DHARMAWANGSA NO. 152C SURABAYA', '081333908889;031 - 70115889', NULL),
(301, 'PUS. KOPERASI ANEKA  USAHA TARUNA', 'Ir. HAPPY INDRA KELANA', 'JL. LESTI II SURABAYA', '5674577', '5613663'),
(302, 'PT. BUMI SURYA ASRI', NULL, 'JL. CISEDANI NO. 2 SURABAYA', NULL, NULL),
(303, 'PT. KEMBANG JAWA PERMAI', NULL, 'JL. DIPONEGORO NO. 63 KEDIRI', NULL, NULL),
(304, 'PT. READY INDAH', 'IMANUEL HERMAN PRAWIROMARUTO', 'BY PASS KRIAN KM. 30 KRIAN SIDOARJO', '8974555, 5933000', NULL),
(305, 'PT. MEGA ARKONINDO', 'Ir. AZWAR HAMIDY', 'KETAMPON RUKO BINTORO B 38-39 SBY', '5613695;70883536', '5662816'),
(306, 'PT. WASKITA KARYA', 'Drs. W. BUDI DARMAYANA', 'JL. LETJEN SUTOYO NO. 98 MALANG', '(0341) 496298', NULL),
(307, 'PT. TUMENGGUNG JATI DIRI', 'PUDJI HARTONO', 'JL. KETINTANG NO. 89 / P SURABAYA', NULL, NULL),
(308, 'PT. MURNIGRAHA CONTRINDO', NULL, 'JL. RAYA LONTAR KEC. LAKARSANTRI - SBY', NULL, NULL),
(309, 'PT. EDOWIN CITRA SELARAS', 'Drs. Ec. HM. NUH', 'JL. RONGGOLAWE 19 SBY', '5632593;5660884', NULL),
(310, 'PT. BARENG MAKMUR', 'H. MAS''UD', 'BARENGKRAJAN RT. 09 / RW. 03', '70594001', NULL),
(311, 'PT. INDERA ARTHA WISESA', NULL, 'JL. KUTISARI 54-56 KAV. 9 SURABAYA', NULL, NULL),
(312, 'PT. IGAMA BAKTI PERTIWI', NULL, 'JL.SERAYU D-12 TEMBOK INDAH-PASURUAN', NULL, NULL),
(313, 'PT. EKAPERMATA SURYASENTOSA', 'TJINDRO PURNOMO', 'JL. HR. MUHAMMAD 239 SURABAYA', '8492646', NULL),
(314, 'PT. KARYA ANUGRAH BERSINAR', 'H. SUDIBIANTO PRANOTO', 'JL. TANJUNGSARI 41 SURABAYA', NULL, NULL),
(315, 'PT. PILAR LANGGENG SEJAHTERA', NULL, 'DS. BARENGKRAJAN RT 04 / RW 02 KRIAN', NULL, NULL),
(316, 'PT. BUMI WINDU UTAMA', 'IFA MUTIATUL CHOIROH S', 'JL. RAYA BUDURAN 227 SIDOARJO', NULL, NULL),
(317, 'PT. AGRA PARIPURNA MANDIRI', 'IR. H. SONHAJI SUKRI', 'JL. CIPUNEGARA 10-12 SURABAYA', NULL, NULL),
(318, 'PT. ANINDIYA BANGUN BERSAMA', 'H. MOCH, SUUD', 'RUKO SUN CITY B-12 SIDOARJO', NULL, NULL),
(319, 'PT. ENWE PUTRA PERKASA', 'H.M. NURWAKID, SH,MBA', 'PONDOK MUTIARABLOK A-12 SIDOARJO', '031 - 8960124', NULL),
(320, 'PT. KARYA NUGRAHA BERSINAR', 'H. SUDIBIANTO PRANOTO', 'JL. TANJUNGSARI NO. 41 SURABAYA', NULL, NULL),
(321, 'PT. ADDA RIZKYGRAHA', 'DIDIK DEWANTONO', 'Perum Taman Jenggala Jl. Soenandar PS.X/4 Sidoarjo', '031 - 8944757;031 - 81625858', NULL),
(322, 'PT. TUMENGGUNG JATI DIRI', 'PUDJI HARTONO', 'JL. KETINTANG NO. 89 / P SURABAYA', '031 - 78480880', NULL),
(323, 'PT. TIGA PILAR BAGIA', 'Ir. AGUS SURYANEGARA, MT', 'RUKO WARU SENTRA KAV. 14', '031 - 8557248;8557249', NULL),
(324, 'PT. BUMI JATIKALANG', 'NUR HAYATI, SE, MM', 'RUKO GOR SIDOARJO KAV.32 JL. PAHLAWAN - SIDOARJO', '031 - 8948889;08123526942', NULL),
(325, 'PT. GRIYA PUDJI UTAMA KARYA', 'PUDJI HARTONO, Sm.Kn', 'JL. KETINTANG NO. 89 / P SURABAYA', '031 - 78480880', NULL),
(326, 'PT. BERSAMA MAKMUR ABADI', 'MULRASYID', 'JL. GRIYA BABADAN MUKTI 1/3 SURABAYA', '811300506', NULL),
(327, 'PT. PERSADA GRAHA UTAMA', 'HADI SUBAKTI', NULL, '81237824824', NULL),
(328, 'CV. DIANA PRANATA PODOMORO', 'H. SAWIJI', 'JL. Gangang Sari RT.02 RW. 01 Balongbendo - SDA', '031 72822999;085730849999', NULL),
(329, 'PT. PANCA SEMPURNA JAYA', 'Ir. DANNY WAHID, MT', 'Ruko Gading Fajar II D/5A Sidoarjo', '031 -8923736', NULL),
(330, 'PT. BUMI JATIKALANG', 'NURHAYATI, SE, MM', 'Pesona Sekar Gading AA-1 RT. 24 RW. 7 Sekardangan SDA', '031 - 8063291', NULL),
(331, 'PT. PUTRA BHAYANGKARA', ' TOHA ALI HUSEIN', 'JL. JEMUR ANDAYANI 51 SURABAYA', '(031) 7875505', '(031) 7875505'),
(332, 'PT. PUTRA BHAYANGKARA', ' TOHA ALI HUSEIN', 'JL. JEMUR ANDAYANI 51 SURABAYA', '(031) 7875505', NULL),
(333, 'PT. JATARUPA PRAKARSA JAYA', NULL, 'JL. GELORA NO. 1 SIDOARJO', NULL, NULL),
(334, 'PT. CITRA SARI INTI', NULL, 'Jl. Suko Manunggal Jaya Blok XI / 21 SBY', NULL, NULL),
(335, 'PT. SIDOPRAKARSA JAYA', NULL, 'JL. GELORA NO. 22 SIDOARJO', NULL, NULL),
(336, 'PT. WAHANA SENTRA PERSADA INDAH', 'Ir. TJAHYANTO', 'Jl. Margorejo Indah XVI / C 503 Surabaya', '(0341) 8430201', NULL),
(337, 'KOPERASI WARGA JASA KONSTRUKSI', NULL, 'JL. HASANUDIN NO. 190 SIDOARJO', NULL, NULL),
(338, 'PT. ATHAYA DUTA SARANA', 'Ir. HERRY DJAUHARI', 'Jl. Raya Kertajaya Indah F-105 Surabaya', '5926183-84', NULL),
(339, 'PT. SETIA BHAKTI PERKASA UTAMA', NULL, 'Wisma Kedung Asem Indah Blok A-12 SBY', NULL, NULL),
(340, 'PT. TIANG KENCANA GRAHA', 'BEDJO WOELJO', 'JL. BARATA JAYA XI / 7', '5045437;5045438', NULL),
(341, 'PT. KOKO GADA AGUNG', NULL, 'JL. KEDUNG DORO NO. 44 BCD LT. II - SBY', NULL, NULL),
(342, 'PT. CITRA TAMA ADIGRAHA', 'MUHAMMAD, SH', 'JL. DIPONEGORO NO. 223 - SBY', '5669194', '5630066'),
(343, 'PT. PUTRA MARTA', 'HERRY KARTIKAJATI, SE ', 'JL. RAYA SUKODONO SIDOARJO', '8831128;70582559 (PAK TIKNO)', NULL),
(344, 'PRIMKOPAL LANMAR - SBY', NULL, 'JL. OPAK NO. 9 - SBY', NULL, NULL),
(345, 'KOPERASI PEG. NEGERI INDONESIA ( KPRI )', NULL, 'JL. MANYAR KERTOARJO NO. 1 - SBY', NULL, NULL),
(346, 'PT. NUGRAHA ADHIKARSA PRATAMA', NULL, 'JL. PUCANG ANOM TIMUR 243 A SURABAYA', NULL, NULL),
(347, ' PT. KARYA MANDIRI', NULL, 'JL. RUNGKUT ASRI V / 24 - SURABAYA', NULL, NULL),
(348, 'PT. BUMI PERMATA SAKTI', '8294328', 'JL. BIBIS KARAH 23 SURABAYA', NULL, NULL),
(349, 'PT. GANDA PRIMA REALTY', 'HUSEIN SENA CAHYADI', 'RUKO PERMATA JUANDA A-15 SDA', '8668687', NULL),
(350, 'PT. MAWARDAH JAYA', NULL, 'PERUM. SIDOKARE INDAH A-19', NULL, NULL),
(351, 'PT. SURYA JAYA', 'Drs. MASHUDI, MM', 'JL. RAYA KLETEK NO. 184 TAMAN', '7878577', NULL),
(352, 'PT. GATRA KANAKA HARUM', 'HM. NURWAKHID', 'JL. BARATA JAYA XIX/86 SURABAYA', '5046145', '5058370'),
(353, 'PT. PRANATA BUMI PERMAI', 'Ir. HANDOKO SINGO PRANATA, MBA', 'JL. KOMPLEK GOR KAV. 21 SIDOARJO', '70960184', NULL),
(354, 'PT. UNGGUL PERKASA MANDIRI', 'Dra. Hj. ENDANG CHRISTIANI', 'JL. SOENANDAR PRIYO SOEDARMO A-15 SDA', '8941340', NULL),
(355, 'PT. CITRA SEKAWAN MANDIRI', 'DJOKO SUTANTO', 'JL. CISEDANI 15 B SURABAYA', '5660784', NULL),
(356, 'PT. JAYA RAHMA ABADI', 'H. SULAMUL HADI N, S.Th.I', 'JL. SUKODONO KM1 GEDANGAN-SIDOARJO', '8917000;70961593 (P. FATUR)', NULL),
(357, 'PT. CITRA JAYA SENTOSA', NULL, 'PERUM TAMAN PINANG INDAH H-III NO. 29 SDA', NULL, NULL),
(358, 'PT. GOTA MULYA', 'Ir. TULUS HARIANTO', 'JL. RAYA JEMURSARI 234 KAV. 16 LT-2 SBY', NULL, NULL),
(359, 'PT. TRIDASA WINDU', NULL, 'JL. WELIRANG NO. 14 SURABAYA', NULL, NULL),
(360, 'PT. KARUNIA BANGUN PERSADA', NULL, 'PERUM PODOK MUTIARA BB-9 SIDOARJO', NULL, NULL),
(361, 'PT. PRISCILLA ANGGUN SEJAHTERA', NULL, 'PERUM PONDOK JATI AJ-30 SIDOARJO', NULL, NULL),
(362, 'PT. MAWAR MEKAR INDAH JAYA ABADI', NULL, 'WEDORO KLURAK RT5/ RW1 CANDI SDA', NULL, NULL),
(363, 'PT. UNGGUL PERKASA MANDIRI', NULL, 'JL. S. PRIYO SOEDARMO RUKO JENGGOLO MAS A-15 SIDOARJO', NULL, NULL),
(364, 'PT. CHALIDANA INTI PERMATA', 'M. MOCH. ILYAS', 'JL. RAYA DARMO 113-115 SURABAYA', '031 - 70512565', NULL),
(365, 'PT. GEMILANG PANCA REALTY', 'HUSEN SENA CAHYADI', 'Jl. Raya Juanda Ruko Permata Juanda A-15', '8668687', '8681883'),
(366, 'PT. CITRA SEKAWAN MANDIRI', 'Drs. DJOKO SUTANTO', 'JL. PAHLAWAN KOMPLEKS GOR KAV. 39 SDA', '8956622', NULL),
(367, 'PT. GRASINDO SURYA UTAMA', 'CHOIRUL ANWAR', 'PERMATA MEGA ASRI D6 BUDURAN SDA', NULL, NULL),
(368, 'PT. MEGATOPMAS NUSANTARA', 'RR. RIALDY LOKAPUTRA', 'JL. MANGUNDIPROJO 1 BUDURAN SDA', '8957777', '8942203'),
(369, 'PT. PRASETYO JAYAMAKMUR ABADI', NULL, 'JL. KRUKAH NO. 32 SURABAYA', NULL, NULL),
(370, 'PT. PRISCILA ANGGUN SEJAHTERA', 'CHRISTIAN JM', 'PONDOK JATI AJ-30 SIDOARJO', NULL, NULL),
(371, 'PT. MITRA LANGGENG SEJAHTERA', NULL, 'JL. KELANTAN NO. 37 SURABAYA', NULL, NULL),
(372, 'PT. TIANG KENCANA GRAHA', 'BEDJO WOELJO', 'JL. BARATA JAYA XI / 7', '5045437-38', NULL),
(373, 'PT. PRASETYO JAYA MAKMUR ABADI', 'H. M PARTOYO', 'JL. RAYA SARIROGO B/01 SIDOARJO', '031 - 8070070', NULL),
(374, 'PT. KARUNIA LAND', 'SETIYO BUDI TRIPRIYONO, SE', 'PRIMA GARDEN ESTATE BLOK A1-9 SDA', '0811945168;031-70512565', NULL),
(375, 'CV. JADE DEV', 'PRANY RINIWATI', 'Ruko Rungkut Megah Raya Blok N-29 ', '031 - 8796166', NULL),
(376, 'PT. TIANG KENCANA GRAHA', 'DIDIT SUPIONO', 'JL. BARATA JAYA NO.17 SURABAYA', '031 - 5045437-8;031 - 77448755', NULL),
(377, 'CV. FAJAR MULIA', 'H. SUTAMAT', 'BEBEKAN PERENG, TAMAN SIDOARJO', NULL, NULL),
(378, 'PT. TRIMITRA MANUNGGAL JAYA', 'NJO ANDY SURYO', 'JL. RUKO VILLA BUKIT MAS RE - 4 SURABAYA', NULL, NULL),
(379, 'PT. ALVA BAREKSA', 'H. SULAMUL HADI NURMAWAN', 'Pondok Jati 11 BD-3 RT. 39/09, Desa Pagerwojo', '031 - 8011099', NULL),
(380, 'PT. GRAND PUTRA RAYA', 'H. M. SUYONO', 'TAMAN PONDOK JATI BLOK AR-10 SDA', '031-7883953;71384025;081939172401', NULL),
(381, 'PT. DUA KUSUMA', 'BUDI WAHYONO', 'JL. RY. BOGEM NO.67 KEBONAGUNG SUKODONO - SDA', '031-8833131;031 - 71612428', NULL),
(382, 'PT. TERBIT TERANG REJEKI', NULL, 'Jl. Gelur Sari VIII-129 A Hutan Kayu JAK-TIM', NULL, NULL),
(383, 'PT. TERBIT TERANG REJEKI', NULL, 'JL. VETERAN NO. 33 BEKASI - JABAR', NULL, NULL),
(384, 'PT. TRISNA KARYA', NULL, 'JL. REMBANG SELATAN 33 SURABAYA', NULL, NULL),
(385, 'PT. MUTIARA PORONG PERMAI', 'ACHMAD AMIR A', 'JL. RAYA PORONG NO. 144 PORONG-SDA', '(0343) 841142;841143', NULL),
(386, 'PT. BERKAT BARAKAH', NULL, 'PREGOLAN BUNDER 19 SIDOARJO', NULL, NULL),
(387, 'PT. PANTESENTA', 'Drs. Ec. SUSILO EFFENDI', 'JL. DIPONEGORO 16 SURABAYA', '(031) 5676631', '(031) 5611223'),
(388, 'PT. PABRIK TJIWI KIMIA', NULL, 'DS. KRAMAT TUMENGGUNG - TARIK', NULL, NULL),
(389, 'PT. CIPTA GRIYA SEJAHTERA', 'H. MOCH. SUUD', 'DESA PRAMBON, KECAMATAN PRAMBON', '(031) 8972444-8972667', '(031) 8972444'),
(390, 'PT. INDRAPRASTA GRAHA UTAMA', 'MUHAMMAD, SH, M.Kn', 'RUKO SUNCITY MALL B-16 SIDOARJO', '(031) 8068238;8068239', NULL),
(391, 'PT. CITRA TAMA ADIGRAHA', 'Drs. ARIEF SETIAWAN', 'JL. MUSI 38 SURABAYA', '5669222', NULL),
(392, 'PT. BERSATU SUKSES SEJAHTERA', 'SABAR SANTOSO', 'CLUB HOUSE PERMATA REGENCY SIDOARJO', '031-5616622', NULL),
(393, 'PT. BANGSA MAJU MAKMUR', 'NURWAKHID, SH.MBA', 'PONDOK MUTIARA BLOK A NO. 12 SIDOARJO', '031 - 8073222;031 - 8960124', NULL),
(394, 'PT. WAHANA GRIYA MULTI', 'RACHMAD IMAWAN', 'PERUM PESONA GRIYA ASRI BLOK G-07, KANDAT - KIDIRI', '081234204215;085852756911', NULL),
(395, 'PT. BERSATU SUKSES SENTOSA', 'SABAR SANTOSO', 'Sentral Bisnis C-6 Jl.Raya Siring Porong', '0343 - 857000', NULL),
(396, 'PT. SARANA DJAYA SETIA', 'BHAKTI TEDJA SURYA', 'JL. MAJAPAHIT 76 B SIDOARJO', '70964809;70964807', '8965321'),
(397, 'PT. CITRA UTAMA NIAGA NUSANTARA', 'DRS. ABDUL HALIM', 'JL. OPAK 40 SURABAYA', '5673399;5680705', NULL),
(398, 'PT. PANCA SEMPURNA JAYA', 'IR. DANNY WAHID, MT', 'Ruko Gading Fajar 2 Blok D2/5A Sidoarjo', '8923736;8069870;71276687', NULL),
(399, 'JAYA RAHMA ABADI', 'SULLAMUL HADI NURMAWAN', 'JL. SUKODONO KM 01 GEDANGAN SDA', NULL, NULL),
(400, 'PEMBANGUNAN INDONESIA RAYA', 'EDY BOEDI DHARMAWAN', 'Perum BCF Sekawan Anggun Blok B-05 SDA', '031 - 8966675', NULL),
(401, 'PT. INDRAPRASTA GRAHA UTAMA', 'MUHAMMAD, SH, M.Kn', 'Ruko Suncity B-16 Jl. Pahlawan Sidoarjo', '031 - 8068238', NULL),
(402, 'PT. BERSATU SUKSES SENTOSA', 'SABAR SANTOSO', 'Ruko Gerbang Permata Sidoarjo Regency Jl. Raya Kludan-Tanggulangin', NULL, NULL),
(403, 'CV. PERMATA ANGGUN', 'DIDIK SANTOSO', 'JL. MULYODADI WONOAYU SIDOARJO', '83660579', NULL),
(404, 'PT. BANGUN PAPAN SELARAS', 'Ir. HENGKY BUDIARTO', 'JL. JEMUR ANDAYANI NO. 46 SURABAYA', NULL, NULL),
(405, 'PT. ANGKASA ALAM RAYA', 'AGUS NASRONI', 'RUKO GRAHA NIAGA BLOK N B/ BUDURAN', '81231695886', NULL),
(406, 'PT. TIGA PILAR BAGIA', 'Ir. AGUS SURYANEGARA, MT', 'RUKO WARU SENTRA KAV. 14A-14B SDA', '031 - 8557248;8557249', NULL),
(407, 'PT. PP DARMA USAHA', 'ACHMAD MUDJIONO', 'JL. RY. JUANDA NO.1 KOMPLEK JBC B/19 SDA', NULL, NULL);

--
-- Indexes for dumped tables
--

--
-- Indexes for table `berkas`
--
ALTER TABLE `berkas`
 ADD PRIMARY KEY (`id_berkas`), ADD KEY `FK_berkas_perumahan` (`id_perumahan`);

--
-- Indexes for table `ijin`
--
ALTER TABLE `ijin`
 ADD PRIMARY KEY (`id_ijin`), ADD KEY `FK_ijin_lokasi_perumahan` (`id_perumahan`), ADD KEY `FK_ijin_lokasi_kombinasi` (`id_kombinasi`);

--
-- Indexes for table `kecamatan`
--
ALTER TABLE `kecamatan`
 ADD PRIMARY KEY (`id_kecamatan`);

--
-- Indexes for table `kombinasi`
--
ALTER TABLE `kombinasi`
 ADD KEY `id_lahan` (`id_kombinasi`), ADD KEY `FK_kombinasi_lokasi` (`id_lokasi`);

--
-- Indexes for table `lokasi`
--
ALTER TABLE `lokasi`
 ADD PRIMARY KEY (`id_lokasi`), ADD KEY `fk_lokasi_kecamatan` (`id_kecamatan`);

--
-- Indexes for table `pembangunan`
--
ALTER TABLE `pembangunan`
 ADD PRIMARY KEY (`id_pembangunan`), ADD KEY `FK_pembangunan_kombinasi` (`id_kombinasi`), ADD KEY `FK_pembangunan_perumahan` (`id_perumahan`);

--
-- Indexes for table `perumahan`
--
ALTER TABLE `perumahan`
 ADD PRIMARY KEY (`id_perumahan`), ADD KEY `id_perusahaan_index` (`id_perusahaan`);

--
-- Indexes for table `perusahaan`
--
ALTER TABLE `perusahaan`
 ADD PRIMARY KEY (`id_perusahaan`);

--
-- AUTO_INCREMENT for dumped tables
--

--
-- AUTO_INCREMENT for table `berkas`
--
ALTER TABLE `berkas`
MODIFY `id_berkas` int(11) NOT NULL AUTO_INCREMENT,AUTO_INCREMENT=5;
--
-- AUTO_INCREMENT for table `ijin`
--
ALTER TABLE `ijin`
MODIFY `id_ijin` int(11) NOT NULL AUTO_INCREMENT,AUTO_INCREMENT=559;
--
-- AUTO_INCREMENT for table `kecamatan`
--
ALTER TABLE `kecamatan`
MODIFY `id_kecamatan` int(11) NOT NULL AUTO_INCREMENT,AUTO_INCREMENT=19;
--
-- AUTO_INCREMENT for table `lokasi`
--
ALTER TABLE `lokasi`
MODIFY `id_lokasi` int(11) NOT NULL AUTO_INCREMENT,AUTO_INCREMENT=194;
--
-- AUTO_INCREMENT for table `pembangunan`
--
ALTER TABLE `pembangunan`
MODIFY `id_pembangunan` int(11) NOT NULL AUTO_INCREMENT,AUTO_INCREMENT=618;
--
-- AUTO_INCREMENT for table `perumahan`
--
ALTER TABLE `perumahan`
MODIFY `id_perumahan` int(11) NOT NULL AUTO_INCREMENT,AUTO_INCREMENT=450;
--
-- AUTO_INCREMENT for table `perusahaan`
--
ALTER TABLE `perusahaan`
MODIFY `id_perusahaan` int(11) NOT NULL AUTO_INCREMENT,AUTO_INCREMENT=408;
--
-- Constraints for dumped tables
--

--
-- Constraints for table `berkas`
--
ALTER TABLE `berkas`
ADD CONSTRAINT `FK_berkas_perumahan` FOREIGN KEY (`id_perumahan`) REFERENCES `perumahan` (`id_perumahan`);

--
-- Constraints for table `ijin`
--
ALTER TABLE `ijin`
ADD CONSTRAINT `FK_ijin_lokasi_kombinasi` FOREIGN KEY (`id_kombinasi`) REFERENCES `kombinasi` (`id_kombinasi`),
ADD CONSTRAINT `FK_ijin_lokasi_perumahan` FOREIGN KEY (`id_perumahan`) REFERENCES `perumahan` (`id_perumahan`);

--
-- Constraints for table `kombinasi`
--
ALTER TABLE `kombinasi`
ADD CONSTRAINT `FK_kombinasi_lokasi` FOREIGN KEY (`id_lokasi`) REFERENCES `lokasi` (`id_lokasi`);

--
-- Constraints for table `lokasi`
--
ALTER TABLE `lokasi`
ADD CONSTRAINT `FK_lokasi_kecamatan` FOREIGN KEY (`id_kecamatan`) REFERENCES `kecamatan` (`id_kecamatan`);

--
-- Constraints for table `pembangunan`
--
ALTER TABLE `pembangunan`
ADD CONSTRAINT `FK_pembangunan_kombinasi` FOREIGN KEY (`id_kombinasi`) REFERENCES `kombinasi` (`id_kombinasi`),
ADD CONSTRAINT `FK_pembangunan_perumahan` FOREIGN KEY (`id_perumahan`) REFERENCES `perumahan` (`id_perumahan`);

--
-- Constraints for table `perumahan`
--
ALTER TABLE `perumahan`
ADD CONSTRAINT `FK_perumahan_perusahaan` FOREIGN KEY (`id_perusahaan`) REFERENCES `perusahaan` (`id_perusahaan`);

/*!40101 SET CHARACTER_SET_CLIENT=@OLD_CHARACTER_SET_CLIENT */;
/*!40101 SET CHARACTER_SET_RESULTS=@OLD_CHARACTER_SET_RESULTS */;
/*!40101 SET COLLATION_CONNECTION=@OLD_COLLATION_CONNECTION */;
